site_id,data_hub,igbp,un_subregion,continent,first_year,last_year,span_years,n_years_valid_nee,pct_coverage,currently_selected,gez_name,gez_code,kg_class,kg_second,kg_main
BJ-Nhu,Unaffiliated,SAV,Sub-Saharan Africa,Africa,2008,2017,9,6,66.7,TRUE,Tropical moist forest,12,Aw,Aw,A
SN-Nkr,European Fluxes Database,CRO,Sub-Saharan Africa,Africa,2018,2024,6,6,100,TRUE,Tropical dry forest,13,Aw,Aw,A
ZA-BfK,EFTEON SAEON;European Fluxes Database,OSH,Sub-Saharan Africa,Africa,2020,2024,4,4,100,FALSE,Tropical desert,15,Bsh,Bs,B
CD-Ygb,European Fluxes Database;ICOS,MF,Sub-Saharan Africa,Africa,2020,2024,4,3,75,FALSE,Tropical rainforest,11,Af,Af,A
BJ-Bfg,Unaffiliated,DBF,Sub-Saharan Africa,Africa,2008,2017,9,3,33.3,TRUE,Tropical moist forest,12,NA,NA,NA
SN-Dhr,CarboAfrica;European Fluxes Database;GHG-Europe,GRA,Sub-Saharan Africa,Africa,2010,2022,12,3,25,TRUE,Tropical shrubland,14,Aw,Aw,A
ZA-BfS,EFTEON SAEON;European Fluxes Database,OSH,Sub-Saharan Africa,Africa,2020,2024,4,2,50,FALSE,Tropical desert,15,Bsh,Bs,B
BJ-Db1,Unaffiliated,CRO,Sub-Saharan Africa,Africa,2022,2024,2,2,100,FALSE,Tropical rainforest,11,NA,NA,NA
SD-Dem,NA,SAV,Northern Africa,Africa,2007,2009,2,2,100,FALSE,Tropical shrubland,14,NA,NA,NA
ZA-Uby,EFTEON SAEON;European Fluxes Database,GRA,Sub-Saharan Africa,Africa,2023,2024,1,1,100,FALSE,Tropical moist forest,12,Aw,Aw,A
ZA-Spk,EFTEON SAEON;European Fluxes Database,GRA,Sub-Saharan Africa,Africa,2023,2024,1,1,100,FALSE,Subtropical mountain system,25,Cwb,Cw,C
ZA-Jks,EFTEON SAEON;European Fluxes Database,GRA,Sub-Saharan Africa,Africa,2024,2024,0,1,NA,FALSE,Subtropical dry forest,22,Csb,Cs,C
ML-Kem,CarboAfrica,WSA,Sub-Saharan Africa,Africa,2007,2009,2,1,50,FALSE,Tropical shrubland,14,Aw,Aw,A
KE-Mkt,Unaffiliated,CRO,Sub-Saharan Africa,Africa,2019,2024,5,1,20,FALSE,Tropical mountain system,16,Bsh,Bs,B
KE-Kpt,Unaffiliated,GRA,Sub-Saharan Africa,Africa,2018,2024,6,1,16.7,TRUE,Tropical mountain system,16,NA,NA,NA
BW-Gum,Unaffiliated,WET,Sub-Saharan Africa,Africa,2018,2020,2,1,50,FALSE,Tropical dry forest,13,Bsh,Bs,B
ZM-Mon,CarboAfrica;EFTEON SAEON;European Fluxes Database,DBF,Sub-Saharan Africa,Africa,2007,2009,2,1,50,FALSE,Tropical moist forest,12,NA,NA,NA
GH-Ank,CarboAfrica;European Fluxes Database,EBF,Sub-Saharan Africa,Africa,2011,2014,3,1,33.3,FALSE,Tropical rainforest,11,NA,NA,NA
US-Ha1,AmeriFlux;LTER;Phenocam,DBF,Northern America,Americas,1991,2025,34,33,97.1,TRUE,Temperate mountain system,35,Dfb,Df,D
US-MMS,AmeriFlux;Phenocam,DBF,Northern America,Americas,1999,2023,24,25,104.2,TRUE,Temperate continental forest,32,Cfa,Cf,C
US-Ton,AmeriFlux;Phenocam,WSA,Northern America,Americas,2001,2025,24,24,100,TRUE,Subtropical mountain system,25,Csa,Cs,C
US-Ne1,AmeriFlux,CRO,Northern America,Americas,2001,2024,23,23,100,TRUE,Temperate steppe,33,Dfa,Df,D
CA-Mer,AmeriFlux;Fluxnet-Canada;Phenocam,WET,Northern America,Americas,1998,2020,22,22,100,FALSE,Temperate continental forest,32,Dfb,Df,D
US-Ne3,AmeriFlux,CRO,Northern America,Americas,2001,2024,23,22,95.7,FALSE,Temperate steppe,33,Dfa,Df,D
US-SRM,AmeriFlux;LTAR;Phenocam,WSA,Northern America,Americas,2004,2025,21,22,104.8,FALSE,Subtropical desert,24,BSk,BS,B
US-Ne2,AmeriFlux,CRO,Northern America,Americas,2001,2024,23,21,91.3,TRUE,Temperate steppe,33,Dfa,Df,D
US-CMW,AmeriFlux,DBF,Northern America,Americas,2001,2021,20,19,95,FALSE,Subtropical desert,24,Bsh,Bs,B
US-Seg,AmeriFlux;Phenocam,GRA,Northern America,Americas,2007,2025,18,19,105.6,FALSE,Subtropical steppe,23,BSk,BS,B
US-Ses,AmeriFlux;Phenocam,OSH,Northern America,Americas,2007,2025,18,18,100,FALSE,Subtropical steppe,23,BSk,BS,B
CA-TP3,AmeriFlux;Fluxnet-Canada;Phenocam,ENF,Northern America,Americas,2002,2023,21,17,81,FALSE,Temperate continental forest,32,Dfb,Df,D
US-Mpj,AmeriFlux;Phenocam,WSA,Northern America,Americas,2008,2025,17,17,100,FALSE,Subtropical steppe,23,BSk,BS,B
US-NC2,AmeriFlux;Phenocam;USCCC,ENF,Northern America,Americas,2005,2025,20,17,85,FALSE,Subtropical humid forest,21,Cfa,Cf,C
US-SP1,AmeriFlux;Phenocam,ENF,Northern America,Americas,2000,2020,20,17,85,FALSE,Subtropical humid forest,21,Cfa,Cf,C
US-SRG,AmeriFlux;LTAR;Phenocam,GRA,Northern America,Americas,2008,2025,17,17,100,FALSE,Subtropical desert,24,BSk,BS,B
US-Vcp,AmeriFlux,ENF,Northern America,Americas,2007,2025,18,17,94.4,FALSE,Temperate mountain system,35,Dfb,Df,D
US-ICh,AmeriFlux;Phenocam,OSH,Northern America,Americas,2007,2025,18,16,88.9,FALSE,Polar,50,ET,ET,E
US-MBP,AmeriFlux;Phenocam,WET,Northern America,Americas,2009,2024,15,16,106.7,FALSE,Temperate continental forest,32,NA,NA,NA
US-MOz,AmeriFlux;Phenocam,DBF,Northern America,Americas,2004,2021,17,16,94.1,FALSE,Temperate continental forest,32,Cfa,Cf,C
US-UMd,AmeriFlux;Phenocam,DBF,Northern America,Americas,2007,2025,18,16,88.9,FALSE,Temperate continental forest,32,Dfb,Df,D
US-Vcm,AmeriFlux,ENF,Northern America,Americas,2007,2025,18,16,88.9,FALSE,Temperate mountain system,35,Dfb,Df,D
US-Wjs,AmeriFlux,SAV,Northern America,Americas,2007,2025,18,16,88.9,FALSE,Subtropical steppe,23,BSk,BS,B
US-Bar,AmeriFlux;Phenocam,DBF,Northern America,Americas,2004,2023,19,15,78.9,FALSE,Temperate mountain system,35,Dfb,Df,D
US-Esm,AmeriFlux;LTER,WET,Northern America,Americas,2008,2024,16,15,93.8,FALSE,Tropical moist forest,12,NA,NA,NA
US-ICs,AmeriFlux;Phenocam,WET,Northern America,Americas,2007,2025,18,15,83.3,FALSE,Polar,50,ET,ET,E
US-Kon,AmeriFlux;Phenocam,GRA,Northern America,Americas,2004,2019,15,15,100,FALSE,Temperate steppe,33,Cfa,Cf,C
CA-TP1,AmeriFlux;Fluxnet-Canada;Phenocam,ENF,Northern America,Americas,2002,2023,21,14,66.7,FALSE,Temperate continental forest,32,Dfb,Df,D
US-GLE,AmeriFlux,ENF,Northern America,Americas,2005,2020,15,14,93.3,FALSE,Temperate mountain system,35,Dfc,Df,D
US-Myb,AmeriFlux;Phenocam,WET,Northern America,Americas,2010,2025,15,14,93.3,FALSE,Subtropical dry forest,22,Csa,Cs,C
CA-Ca1,AmeriFlux;Fluxnet-Canada,ENF,Northern America,Americas,1997,2010,13,13,100,FALSE,Temperate oceanic forest,31,Cfb,Cf,C
US-Me6,AmeriFlux;Phenocam,ENF,Northern America,Americas,2010,2025,15,13,86.7,FALSE,Temperate mountain system,35,Csb,Cs,C
US-Ro1,AmeriFlux;Phenocam,CRO,Northern America,Americas,2004,2016,12,13,108.3,FALSE,Temperate steppe,33,Dfa,Df,D
US-Rpf,AmeriFlux,DBF,Northern America,Americas,2008,2024,16,13,81.2,FALSE,Boreal mountain system,43,Dwc,Dw,D
CA-TPD,AmeriFlux;Fluxnet-Canada;Phenocam,DBF,Northern America,Americas,2012,2023,11,12,109.1,FALSE,Temperate continental forest,32,Dfb,Df,D
US-ChR,AmeriFlux;Phenocam,DBF,Northern America,Americas,2006,2019,13,12,92.3,FALSE,Temperate mountain system,35,Cfa,Cf,C
US-Elm,AmeriFlux;LTER,WET,Northern America,Americas,2008,2024,16,12,75,FALSE,Tropical moist forest,12,NA,NA,NA
US-BZB,AmeriFlux,WET,Northern America,Americas,2011,2025,14,11,78.6,FALSE,Boreal tundra woodland,42,Dfd,Df,D
US-Jo1,AmeriFlux;LTER,OSH,Northern America,Americas,2010,2022,12,11,91.7,FALSE,Subtropical desert,24,Bwk,Bw,B
US-KFS,AmeriFlux;Phenocam,GRA,Northern America,Americas,2007,2019,12,11,91.7,FALSE,Temperate steppe,33,Cfa,Cf,C
US-MtB,AmeriFlux,ENF,Northern America,Americas,2009,2024,15,11,73.3,FALSE,Subtropical desert,24,Dwb,Dw,D
US-Ro4,AmeriFlux;Phenocam,GRA,Northern America,Americas,2014,2025,11,11,100,FALSE,Temperate steppe,33,Dfa,Df,D
US-Tw4,AmeriFlux;Phenocam,WET,Northern America,Americas,2013,2024,11,11,100,FALSE,Subtropical dry forest,22,Csa,Cs,C
CA-Ca2,AmeriFlux;Fluxnet-Canada,ENF,Northern America,Americas,2000,2010,10,10,100,FALSE,Temperate oceanic forest,31,Cfb,Cf,C
CA-Gro,AmeriFlux;Fluxnet-Canada;Phenocam,MF,Northern America,Americas,2003,2014,11,10,90.9,FALSE,Temperate continental forest,32,Dfb,Df,D
US-ICt,AmeriFlux;Phenocam,OSH,Northern America,Americas,2007,2025,18,10,55.6,FALSE,Polar,50,ET,ET,E
US-Oho,AmeriFlux;USCCC,DBF,Northern America,Americas,2004,2013,9,10,111.1,FALSE,Temperate continental forest,32,Dfa,Df,D
US-Tw1,AmeriFlux;Phenocam,WET,Northern America,Americas,2011,2023,12,10,83.3,FALSE,Subtropical dry forest,22,Csa,Cs,C
CA-Man,AmeriFlux;Fluxnet-Canada,ENF,Northern America,Americas,1994,2008,14,9,64.3,FALSE,Boreal coniferous forest,41,Dfc,Df,D
US-Ced,AmeriFlux,CSH,Northern America,Americas,2005,2014,9,9,100,FALSE,Temperate continental forest,32,Cfa,Cf,C
CA-DBB,AmeriFlux,WET,Northern America,Americas,2015,2024,9,8,88.9,FALSE,Temperate oceanic forest,31,Csb,Cs,C
US-Bi1,AmeriFlux;Phenocam,CRO,Northern America,Americas,2016,2024,8,8,100,FALSE,Subtropical dry forest,22,Csa,Cs,C
US-EML,AmeriFlux;LTER,OSH,Northern America,Americas,2008,2023,15,8,53.3,FALSE,Boreal mountain system,43,ET,ET,E
US-Mo1,AmeriFlux;LTAR;Phenocam,CRO,Northern America,Americas,2015,2024,9,8,88.9,FALSE,Temperate steppe,33,Cfa,Cf,C
US-Ro5,AmeriFlux;Phenocam,CRO,Northern America,Americas,2017,2024,7,8,114.3,FALSE,Temperate steppe,33,Dfa,Df,D
US-Ro6,AmeriFlux;Phenocam,CRO,Northern America,Americas,2017,2024,7,8,114.3,FALSE,Temperate steppe,33,Dfa,Df,D
US-Rwf,AmeriFlux;LTAR,CSH,Northern America,Americas,2014,2023,9,8,88.9,FALSE,Temperate desert,34,Bsh,Bs,B
US-Rws,AmeriFlux;LTAR;Phenocam,OSH,Northern America,Americas,2014,2023,9,8,88.9,FALSE,Temperate desert,34,BSk,BS,B
GF-Guy,European Fluxes Database;ICOS,EBF,Latin America and the Caribbean,Americas,2017,2024,7,8,114.3,FALSE,Tropical rainforest,11,Af,Af,A
BR-Ma2,AmeriFlux;LBA,EBF,Latin America and the Caribbean,Americas,1999,2016,17,7,41.2,FALSE,Tropical rainforest,11,Af,Af,A
BR-Sa1,AmeriFlux;LBA,EBF,Latin America and the Caribbean,Americas,2002,2011,9,7,77.8,FALSE,Tropical rainforest,11,Am,Am,A
CA-Qfo,AmeriFlux;Fluxnet-Canada;Phenocam,ENF,Northern America,Americas,2003,2010,7,7,100,FALSE,Boreal coniferous forest,41,Dfc,Df,D
CL-SDP,AmeriFlux,WET,Latin America and the Caribbean,Americas,2014,2021,7,7,100,FALSE,Temperate oceanic forest,31,Cfb,Cf,C
US-Bi2,AmeriFlux;Phenocam,CRO,Northern America,Americas,2017,2025,8,7,87.5,FALSE,Subtropical dry forest,22,Csa,Cs,C
US-Dk2,AmeriFlux;Phenocam,DBF,Northern America,Americas,2001,2008,7,7,100,FALSE,Subtropical humid forest,21,Cfa,Cf,C
US-MN1,AmeriFlux,CRO,Northern America,Americas,2017,2024,7,7,100,FALSE,Temperate steppe,33,Dwb,Dw,D
US-MN2,AmeriFlux,CRO,Northern America,Americas,2017,2024,7,7,100,FALSE,Temperate steppe,33,Dwb,Dw,D
US-Mo3,AmeriFlux;LTAR;Phenocam,CRO,Northern America,Americas,2016,2023,7,7,100,FALSE,Temperate steppe,33,Cfa,Cf,C
US-NC1,AmeriFlux;USCCC,ENF,Northern America,Americas,2005,2012,7,7,100,FALSE,Subtropical humid forest,21,Cfa,Cf,C
US-Rls,AmeriFlux;LTAR;Phenocam,CSH,Northern America,Americas,2014,2023,9,7,77.8,FALSE,Temperate desert,34,Bsh,Bs,B
US-Rms,AmeriFlux;LTAR;Phenocam,CSH,Northern America,Americas,2014,2023,9,7,77.8,FALSE,Temperate desert,34,Bsh,Bs,B
US-SRS,AmeriFlux,WSA,Northern America,Americas,2011,2018,7,7,100,FALSE,Subtropical desert,24,BSk,BS,B
US-Twt,AmeriFlux;Phenocam,CRO,Northern America,Americas,2009,2017,8,7,87.5,FALSE,Subtropical dry forest,22,Csa,Cs,C
CA-ARF,AmeriFlux,WET,Northern America,Americas,2011,2024,13,6,46.2,FALSE,Boreal tundra woodland,42,Dfb,Df,D
US-BZo,AmeriFlux,WET,Northern America,Americas,2018,2025,7,6,85.7,FALSE,Boreal tundra woodland,42,Dfd,Df,D
US-Dk1,AmeriFlux,GRA,Northern America,Americas,2001,2008,7,6,85.7,FALSE,Subtropical humid forest,21,Cfa,Cf,C
US-Dk3,AmeriFlux,ENF,Northern America,Americas,2001,2008,7,6,85.7,FALSE,Subtropical humid forest,21,Cfa,Cf,C
US-HB1,AmeriFlux;Phenocam,WET,Northern America,Americas,2018,2024,6,6,100,FALSE,Subtropical humid forest,21,Cfa,Cf,C
US-HB2,AmeriFlux;Phenocam,ENF,Northern America,Americas,2018,2024,6,6,100,FALSE,Subtropical humid forest,21,Cfa,Cf,C
US-HB3,AmeriFlux;Phenocam,ENF,Northern America,Americas,2019,2024,5,6,120,FALSE,Subtropical humid forest,21,Cfa,Cf,C
US-Mo2,AmeriFlux;LTAR;Phenocam,GRA,Northern America,Americas,2018,2024,6,6,100,FALSE,Temperate steppe,33,Cfa,Cf,C
US-NC3,AmeriFlux;USCCC,ENF,Northern America,Americas,2013,2021,8,6,75,FALSE,Subtropical humid forest,21,Cfa,Cf,C
US-ONA,AmeriFlux;LTAR,GRA,Northern America,Americas,2016,2022,6,6,100,FALSE,Subtropical humid forest,21,Cfa,Cf,C
US-Prr,AmeriFlux,ENF,Northern America,Americas,2010,2022,12,6,50,FALSE,Boreal mountain system,43,Dwc,Dw,D
US-UiE,AmeriFlux,CRO,Northern America,Americas,2018,2024,6,6,100,FALSE,Temperate steppe,33,Dfa,Df,D
US-xAE,AmeriFlux;NEON;Phenocam,GRA,Northern America,Americas,2019,2024,5,6,120,FALSE,Temperate steppe,33,Cfa,Cf,C
US-xDC,AmeriFlux;NEON;Phenocam,GRA,Northern America,Americas,2019,2024,5,6,120,FALSE,Temperate steppe,33,Dfb,Df,D
US-xJR,AmeriFlux;NEON;Phenocam,OSH,Northern America,Americas,2019,2024,5,6,120,FALSE,Subtropical desert,24,BSk,BS,B
US-xKZ,AmeriFlux;NEON;Phenocam,GRA,Northern America,Americas,2019,2024,5,6,120,FALSE,Temperate steppe,33,Cfa,Cf,C
US-xSP,AmeriFlux;NEON;Phenocam,ENF,Northern America,Americas,2019,2024,5,6,120,FALSE,Subtropical mountain system,25,Csa,Cs,C
US-xUN,AmeriFlux;NEON;Phenocam,MF,Northern America,Americas,2019,2024,5,6,120,FALSE,Temperate continental forest,32,Dfb,Df,D
US-xWR,AmeriFlux;NEON;Phenocam,ENF,Northern America,Americas,2019,2024,5,6,120,FALSE,Temperate mountain system,35,Csb,Cs,C
AR-CCa,AmeriFlux,CRO,Latin America and the Caribbean,Americas,2012,2020,8,5,62.5,FALSE,Subtropical humid forest,21,Cfa,Cf,C
CA-ARB,AmeriFlux,WET,Northern America,Americas,2011,2024,13,5,38.5,FALSE,Boreal tundra woodland,42,Dfb,Df,D
CA-DB2,AmeriFlux,WET,Northern America,Americas,2019,2024,5,5,100,FALSE,Temperate oceanic forest,31,NA,NA,NA
CA-KLP,AmeriFlux,WET,Northern America,Americas,2011,2020,9,5,55.6,FALSE,Boreal tundra woodland,42,Dfb,Df,D
US-CdM,AmeriFlux,WSA,Northern America,Americas,2019,2024,5,5,100,FALSE,Temperate desert,34,BSk,BS,B
US-Fmf,AmeriFlux,ENF,Northern America,Americas,2005,2010,5,5,100,FALSE,Subtropical mountain system,25,Csb,Cs,C
US-Fwf,AmeriFlux,GRA,Northern America,Americas,2005,2010,5,5,100,FALSE,Subtropical mountain system,25,Csb,Cs,C
US-StJ,AmeriFlux;Phenocam,WET,Northern America,Americas,2015,2020,5,5,100,FALSE,Subtropical humid forest,21,Cfa,Cf,C
US-TKs,AmeriFlux,CSH,Northern America,Americas,2018,2025,7,5,71.4,FALSE,Polar,50,ET,ET,E
US-UC1,AmeriFlux;LTAR,CVM,Northern America,Americas,2019,2024,5,5,100,FALSE,Temperate mountain system,35,Dfb,Df,D
US-UC2,AmeriFlux;LTAR,CVM,Northern America,Americas,2019,2024,5,5,100,FALSE,Temperate mountain system,35,Dfb,Df,D
US-UiG,AmeriFlux,CRO,Northern America,Americas,2018,2023,5,5,100,FALSE,Temperate steppe,33,Dfa,Df,D
US-xBN,AmeriFlux;NEON;Phenocam,ENF,Northern America,Americas,2019,2024,5,5,100,FALSE,Boreal mountain system,43,Dwc,Dw,D
US-xBR,AmeriFlux;NEON;Phenocam,DBF,Northern America,Americas,2019,2024,5,5,100,FALSE,Temperate mountain system,35,Dfb,Df,D
US-xCL,AmeriFlux;NEON;Phenocam,GRA,Northern America,Americas,2019,2024,5,5,100,FALSE,Subtropical steppe,23,Cfa,Cf,C
US-xDJ,AmeriFlux;NEON;Phenocam,ENF,Northern America,Americas,2019,2024,5,5,100,FALSE,Boreal tundra woodland,42,Dfc,Df,D
US-xJE,AmeriFlux;NEON;Phenocam,ENF,Northern America,Americas,2019,2024,5,5,100,FALSE,Subtropical humid forest,21,Cfa,Cf,C
US-xRN,AmeriFlux;NEON;Phenocam,DBF,Northern America,Americas,2019,2024,5,5,100,FALSE,Temperate mountain system,35,Cfa,Cf,C
US-xSE,AmeriFlux;NEON;Phenocam,DBF,Northern America,Americas,2019,2024,5,5,100,FALSE,Subtropical humid forest,21,Cfa,Cf,C
US-xSL,AmeriFlux;NEON,CRO,Northern America,Americas,2019,2024,5,5,100,FALSE,Temperate steppe,33,BSk,BS,B
US-xST,AmeriFlux;NEON;Phenocam,DBF,Northern America,Americas,2019,2024,5,5,100,FALSE,Temperate continental forest,32,Dfb,Df,D
US-xTR,AmeriFlux;NEON;Phenocam,DBF,Northern America,Americas,2019,2024,5,5,100,FALSE,Temperate continental forest,32,Dfb,Df,D
US-xUK,AmeriFlux;NEON;Phenocam,DBF,Northern America,Americas,2019,2024,5,5,100,FALSE,Temperate steppe,33,Cfa,Cf,C
US-xWD,AmeriFlux;NEON;Phenocam,GRA,Northern America,Americas,2019,2024,5,5,100,FALSE,Temperate steppe,33,Dfb,Df,D
GL-Dsk,European Fluxes Database;ICOS,OSH,Northern America,Americas,2020,2024,4,5,125,FALSE,Polar,50,ET,ET,E
CR-AqC,Unaffiliated,EBF,Latin America and the Caribbean,Americas,2009,2016,7,5,71.4,FALSE,Tropical rainforest,11,Af,Af,A
BR-Ji3,AmeriFlux;LBA,EBF,Latin America and the Caribbean,Americas,2004,2010,6,4,66.7,FALSE,Tropical rainforest,11,Am,Am,A
CL-SDF,AmeriFlux,EBF,Latin America and the Caribbean,Americas,2014,2021,7,4,57.1,FALSE,Temperate oceanic forest,31,Cfb,Cf,C
CR-Fsc,AmeriFlux,CRO,Latin America and the Caribbean,Americas,2015,2018,3,4,133.3,FALSE,Tropical moist forest,12,Aw,Aw,A
MX-Tes,AmeriFlux;MexFlux,DBF,Latin America and the Caribbean,Americas,2004,2008,4,4,100,FALSE,Tropical dry forest,13,Bsh,Bs,B
US-DFC,AmeriFlux,CRO,Northern America,Americas,2018,2024,6,4,66.7,FALSE,Temperate continental forest,32,Dfb,Df,D
US-Dmg,AmeriFlux,WET,Northern America,Americas,2021,2025,4,4,100,FALSE,Subtropical dry forest,22,Csa,Cs,C
US-EDN,AmeriFlux,WET,Northern America,Americas,2018,2024,6,4,66.7,FALSE,Subtropical mountain system,25,Csa,Cs,C
US-Fuf,AmeriFlux,ENF,Northern America,Americas,2005,2010,5,4,80,FALSE,Subtropical mountain system,25,Csb,Cs,C
US-HB4,AmeriFlux;Phenocam,WET,Northern America,Americas,2020,2024,4,4,100,FALSE,Subtropical humid forest,21,Cfa,Cf,C
US-Hsm,AmeriFlux;Phenocam,WET,Northern America,Americas,2021,2025,4,4,100,FALSE,Subtropical dry forest,22,Csa,Cs,C
US-IAC,AmeriFlux,CRO,Northern America,Americas,2019,2024,5,4,80,FALSE,Temperate steppe,33,Dfa,Df,D
US-LS1,AmeriFlux,GRA,Northern America,Americas,2003,2007,4,4,100,FALSE,Subtropical desert,24,Bwh,Bw,B
US-MN3,AmeriFlux,CRO,Northern America,Americas,2020,2024,4,4,100,FALSE,Temperate steppe,33,Dwb,Dw,D
US-RC1,AmeriFlux;LTAR,CRO,Northern America,Americas,2011,2016,5,4,80,FALSE,Temperate desert,34,Dsb,Ds,D
US-Sne,AmeriFlux;Phenocam,GRA,Northern America,Americas,2016,2020,4,4,100,FALSE,Subtropical dry forest,22,Csa,Cs,C
US-Tw3,AmeriFlux;Phenocam,CRO,Northern America,Americas,2013,2018,5,4,80,FALSE,Subtropical dry forest,22,Csa,Cs,C
US-UiF,AmeriFlux,CRO,Northern America,Americas,2018,2023,5,4,80,FALSE,Temperate steppe,33,Dfa,Df,D
US-xBL,AmeriFlux;NEON;Phenocam,DBF,Northern America,Americas,2019,2024,5,4,80,FALSE,Temperate mountain system,35,Cfa,Cf,C
US-xDL,AmeriFlux;NEON;Phenocam,MF,Northern America,Americas,2019,2024,5,4,80,FALSE,Subtropical humid forest,21,Cfa,Cf,C
US-xDS,AmeriFlux;NEON;Phenocam,CVM,Northern America,Americas,2019,2024,5,4,80,FALSE,Subtropical humid forest,21,Cfa,Cf,C
US-xHE,AmeriFlux;NEON;Phenocam,OSH,Northern America,Americas,2019,2024,5,4,80,FALSE,Boreal mountain system,43,ET,ET,E
US-xMB,AmeriFlux;NEON;Phenocam,OSH,Northern America,Americas,2019,2024,5,4,80,FALSE,Temperate desert,34,BSk,BS,B
US-xML,AmeriFlux;NEON;Phenocam,DBF,Northern America,Americas,2019,2024,5,4,80,FALSE,Temperate mountain system,35,Dfb,Df,D
US-xNG,AmeriFlux;NEON;Phenocam,GRA,Northern America,Americas,2019,2024,5,4,80,FALSE,Temperate steppe,33,Dfb,Df,D
US-xNQ,AmeriFlux;NEON;Phenocam,OSH,Northern America,Americas,2019,2024,5,4,80,FALSE,Temperate desert,34,Dfb,Df,D
US-xRM,AmeriFlux;NEON;Phenocam,ENF,Northern America,Americas,2019,2024,5,4,80,FALSE,Temperate mountain system,35,Dfc,Df,D
US-xSB,AmeriFlux;NEON;Phenocam,ENF,Northern America,Americas,2019,2024,5,4,80,FALSE,Subtropical humid forest,21,Cfa,Cf,C
US-xSC,AmeriFlux;NEON;Phenocam,DBF,Northern America,Americas,2019,2024,5,4,80,FALSE,Temperate mountain system,35,Cfa,Cf,C
US-xSJ,AmeriFlux;NEON,SAV,Northern America,Americas,2019,2024,5,4,80,FALSE,Subtropical mountain system,25,Csa,Cs,C
US-xTE,AmeriFlux;NEON,ENF,Northern America,Americas,2019,2024,5,4,80,FALSE,Subtropical mountain system,25,Csa,Cs,C
US-xTL,AmeriFlux;NEON;Phenocam,WET,Northern America,Americas,2019,2024,5,4,80,FALSE,Polar,50,ET,ET,E
AR-CCg,AmeriFlux,GRA,Latin America and the Caribbean,Americas,2018,2024,6,3,50,FALSE,Subtropical humid forest,21,Cfa,Cf,C
BR-ITA,AmeriFlux,EBF,Latin America and the Caribbean,Americas,2020,2024,4,3,75,FALSE,Tropical moist forest,12,Cfa,Cf,C
BR-Sa3,AmeriFlux,EBF,Latin America and the Caribbean,Americas,2000,2004,4,3,75,FALSE,Tropical rainforest,11,Am,Am,A
CA-CF3,AmeriFlux,WET,Northern America,Americas,2022,2025,3,3,100,FALSE,Boreal tundra woodland,42,Dfc,Df,D
CA-DSM,AmeriFlux,WET,Northern America,Americas,2021,2024,3,3,100,FALSE,Temperate oceanic forest,31,Csb,Cs,C
CA-TPA,AmeriFlux,CRO,Northern America,Americas,2020,2023,3,3,100,FALSE,Temperate continental forest,32,NA,NA,NA
PE-QFR,AmeriFlux,WET,Latin America and the Caribbean,Americas,2018,2022,4,3,75,FALSE,Tropical rainforest,11,Af,Af,A
US-CF1,AmeriFlux;LTAR;Phenocam,CRO,Northern America,Americas,2017,2021,4,3,75,FALSE,Temperate desert,34,Dsb,Ds,D
US-CF2,AmeriFlux;LTAR;Phenocam,CRO,Northern America,Americas,2017,2020,3,3,100,FALSE,Temperate desert,34,Dsb,Ds,D
US-CGG,AmeriFlux,GRA,Northern America,Americas,2019,2024,5,3,60,FALSE,Subtropical mountain system,25,Csa,Cs,C
US-Cop,AmeriFlux,GRA,Northern America,Americas,2001,2007,6,3,50,FALSE,Temperate desert,34,NA,NA,NA
US-CRT,AmeriFlux;Phenocam,CRO,Northern America,Americas,2011,2013,2,3,150,FALSE,Temperate continental forest,32,Dfa,Df,D
US-Dix,AmeriFlux,MF,Northern America,Americas,2005,2008,3,3,100,FALSE,Temperate continental forest,32,Cfa,Cf,C
US-DPW,AmeriFlux,WET,Northern America,Americas,2013,2016,3,3,100,FALSE,Subtropical humid forest,21,Cwa,Cw,C
US-DS3,AmeriFlux;Phenocam,CRO,Northern America,Americas,2021,2025,4,3,75,FALSE,Subtropical dry forest,22,Csa,Cs,C
US-HBK,AmeriFlux,DBF,Northern America,Americas,2016,2024,8,3,37.5,FALSE,Temperate mountain system,35,Dfb,Df,D
US-HRA,AmeriFlux;Phenocam,CRO,Northern America,Americas,2015,2024,9,3,33.3,FALSE,Subtropical humid forest,21,Cfa,Cf,C
US-IAB,AmeriFlux,CRO,Northern America,Americas,2019,2024,5,3,60,FALSE,Temperate steppe,33,Dfa,Df,D
US-IAM,AmeriFlux,CRO,Northern America,Americas,2019,2024,5,3,60,FALSE,Temperate steppe,33,Dfa,Df,D
US-KPL,AmeriFlux,WET,Northern America,Americas,2021,2024,3,3,100,FALSE,Boreal mountain system,43,Dfc,Df,D
US-KS2,AmeriFlux,CSH,Northern America,Americas,2003,2006,3,3,100,FALSE,Subtropical humid forest,21,Cwa,Cw,C
US-Me3,AmeriFlux,ENF,Northern America,Americas,2004,2009,5,3,60,FALSE,Temperate mountain system,35,Csb,Cs,C
US-RC2,AmeriFlux;LTAR,CRO,Northern America,Americas,2012,2016,4,3,75,FALSE,Temperate desert,34,Dsb,Ds,D
US-RC4,AmeriFlux,CRO,Northern America,Americas,2012,2016,4,3,75,FALSE,Temperate mountain system,35,Dsb,Ds,D
US-RGo,AmeriFlux;Phenocam,CRO,Northern America,Americas,2021,2024,3,3,100,FALSE,Subtropical dry forest,22,Csa,Cs,C
US-Ro2,AmeriFlux;Phenocam,CRO,Northern America,Americas,2008,2016,8,3,37.5,FALSE,Temperate steppe,33,Dfa,Df,D
US-Ro3,AmeriFlux,CRO,Northern America,Americas,2004,2007,3,3,100,FALSE,Temperate steppe,33,Dfa,Df,D
US-Rwe,AmeriFlux,CSH,Northern America,Americas,2003,2007,4,3,75,FALSE,Temperate desert,34,Bsh,Bs,B
US-SSH,AmeriFlux;Phenocam,DBF,Northern America,Americas,2016,2021,5,3,60,FALSE,Temperate mountain system,35,Dfb,Df,D
US-WPT,AmeriFlux,WET,Northern America,Americas,2011,2013,2,3,150,FALSE,Temperate continental forest,32,Dfa,Df,D
US-xAB,AmeriFlux;NEON;Phenocam,ENF,Northern America,Americas,2019,2024,5,3,60,FALSE,Temperate mountain system,35,Csb,Cs,C
US-xCP,AmeriFlux;NEON;Phenocam,GRA,Northern America,Americas,2019,2024,5,3,60,FALSE,Temperate steppe,33,BSk,BS,B
US-xGR,AmeriFlux;NEON;Phenocam,DBF,Northern America,Americas,2019,2024,5,3,60,FALSE,Temperate mountain system,35,Cfa,Cf,C
US-xSR,AmeriFlux;NEON;Phenocam,OSH,Northern America,Americas,2019,2024,5,3,60,FALSE,Subtropical desert,24,BSk,BS,B
US-xYE,AmeriFlux;NEON,ENF,Northern America,Americas,2019,2024,5,3,60,FALSE,Temperate mountain system,35,Dfc,Df,D
BR-Npw,AmeriFlux,WSA,Latin America and the Caribbean,Americas,2013,2017,4,2,50,FALSE,Tropical moist forest,12,Aw,Aw,A
CA-EM1,AmeriFlux,WET,Northern America,Americas,2021,2023,2,2,100,FALSE,Temperate steppe,33,Dfb,Df,D
CA-EM2,AmeriFlux,WET,Northern America,Americas,2021,2023,2,2,100,FALSE,Temperate steppe,33,Dfb,Df,D
CA-Na1,AmeriFlux;Fluxnet-Canada,ENF,Northern America,Americas,2003,2005,2,2,100,FALSE,Temperate continental forest,32,Dfb,Df,D
CA-Qc2,AmeriFlux;Fluxnet-Canada,MF,Northern America,Americas,2007,2010,3,2,66.7,FALSE,Boreal coniferous forest,41,NA,NA,NA
CA-RBM,AmeriFlux,WET,Northern America,Americas,2022,2024,2,2,100,FALSE,Temperate oceanic forest,31,Csb,Cs,C
CL-ACF,AmeriFlux,ENF,Latin America and the Caribbean,Americas,2018,2020,2,2,100,FALSE,Temperate oceanic forest,31,Cfb,Cf,C
MX-Aog,AmeriFlux;MexFlux,DBF,Latin America and the Caribbean,Americas,2016,2018,2,2,100,FALSE,Tropical dry forest,13,Bsh,Bs,B
PR-xLA,AmeriFlux;NEON;Phenocam,GRA,Latin America and the Caribbean,Americas,2019,2024,5,2,40,FALSE,Tropical moist forest,12,Am,Am,A
US-AR1,AmeriFlux,GRA,Northern America,Americas,2009,2012,3,2,66.7,FALSE,Temperate steppe,33,Dsa,Ds,D
US-AR2,AmeriFlux,GRA,Northern America,Americas,2009,2012,3,2,66.7,FALSE,Temperate steppe,33,Dsa,Ds,D
US-BRG,AmeriFlux,GRA,Northern America,Americas,2017,2020,3,2,66.7,FALSE,Temperate continental forest,32,Cfa,Cf,C
US-CRK,AmeriFlux,ENF,Northern America,Americas,2022,2025,3,2,66.7,FALSE,Subtropical humid forest,21,Cfa,Cf,C
US-Cst,AmeriFlux,ENF,Northern America,Americas,2013,2017,4,2,50,FALSE,Subtropical humid forest,21,Cfa,Cf,C
US-DS2,AmeriFlux,CRO,Northern America,Americas,2020,2023,3,2,66.7,FALSE,Subtropical dry forest,22,Csa,Cs,C
US-EKH,AmeriFlux;Phenocam,WET,Northern America,Americas,2022,2024,2,2,100,FALSE,Subtropical mountain system,25,Csb,Cs,C
US-EvM,AmeriFlux;LTER,WET,Northern America,Americas,2020,2023,3,2,66.7,FALSE,Tropical moist forest,12,NA,NA,NA
US-HWB,AmeriFlux;LTAR,CVM,Northern America,Americas,2015,2018,3,2,66.7,FALSE,Temperate mountain system,35,Dfb,Df,D
US-LA3,AmeriFlux,WET,Northern America,Americas,2019,2023,4,2,50,FALSE,Subtropical humid forest,21,Cfa,Cf,C
US-MEF,AmeriFlux,ENF,Northern America,Americas,2024,2025,1,2,200,FALSE,Temperate mountain system,35,Dfb,Df,D
US-RGA,AmeriFlux;Phenocam,CRO,Northern America,Americas,2021,2024,3,2,66.7,FALSE,Subtropical humid forest,21,Cfa,Cf,C
US-RGB,AmeriFlux;Phenocam,CRO,Northern America,Americas,2021,2024,3,2,66.7,FALSE,Subtropical dry forest,22,Csa,Cs,C
US-RGW,AmeriFlux;Phenocam,CRO,Northern America,Americas,2022,2024,2,2,100,FALSE,Subtropical humid forest,21,Cfa,Cf,C
US-SHC,AmeriFlux;Phenocam,ENF,Northern America,Americas,2017,2020,3,2,66.7,FALSE,Subtropical mountain system,25,Dsb,Ds,D
US-SRC,AmeriFlux,OSH,Northern America,Americas,2008,2014,6,2,33.3,FALSE,Subtropical desert,24,Bwh,Bw,B
US-Srr,AmeriFlux,WET,Northern America,Americas,2014,2017,3,2,66.7,FALSE,Subtropical mountain system,25,Csa,Cs,C
US-UTW,AmeriFlux;UFLUX,CRO,Northern America,Americas,2021,2024,3,2,66.7,FALSE,Temperate desert,34,Dfa,Df,D
US-xBA,AmeriFlux;NEON;Phenocam,WET,Northern America,Americas,2019,2024,5,2,40,FALSE,Polar,50,ET,ET,E
US-xNW,AmeriFlux;NEON;Phenocam,ENF,Northern America,Americas,2019,2024,5,2,40,FALSE,Temperate mountain system,35,Dfc,Df,D
US-xPU,AmeriFlux;NEON,EBF,Northern America,Americas,2019,2024,5,2,40,FALSE,Tropical mountain system,16,Cfb,Cf,C
US-YK2,AmeriFlux,WET,Northern America,Americas,2019,2025,6,2,33.3,FALSE,Polar,50,NA,NA,NA
PA-SPs,European Fluxes Database,GRA,Latin America and the Caribbean,Americas,2007,2010,3,2,66.7,FALSE,Tropical rainforest,11,NA,NA,NA
AR-TF1,AmeriFlux,WET,Latin America and the Caribbean,Americas,2016,2018,2,1,50,FALSE,Temperate oceanic forest,31,NA,NA,NA
AR-TF2,AmeriFlux,WET,Latin America and the Caribbean,Americas,2016,2018,2,1,50,FALSE,Temperate oceanic forest,31,NA,NA,NA
CA-LU1,AmeriFlux,OSH,Northern America,Americas,2020,2023,3,1,33.3,FALSE,Boreal tundra woodland,42,Dfc,Df,D
CA-PB2,AmeriFlux,WET,Northern America,Americas,2017,2024,7,1,14.3,FALSE,Boreal tundra woodland,42,Dfc,Df,D
CA-SCB,AmeriFlux,WET,Northern America,Americas,2014,2019,5,1,20,FALSE,Boreal tundra woodland,42,Dfc,Df,D
US-A32,AmeriFlux,GRA,Northern America,Americas,2015,2017,2,1,50,FALSE,Temperate steppe,33,Cfa,Cf,C
US-A37,AmeriFlux,CVM,Northern America,Americas,2024,2024,0,1,NA,FALSE,Temperate steppe,33,Cfa,Cf,C
US-A39,AmeriFlux,CRO,Northern America,Americas,2024,2024,0,1,NA,FALSE,Subtropical steppe,23,Csa,Cs,C
US-ADR,AmeriFlux,BSV,Northern America,Americas,2011,2017,6,1,16.7,FALSE,Subtropical desert,24,Bwh,Bw,B
US-CF3,AmeriFlux;LTAR;Phenocam,CRO,Northern America,Americas,2017,2021,4,1,25,FALSE,Temperate desert,34,Dsb,Ds,D
US-CF4,AmeriFlux;LTAR;Phenocam,CRO,Northern America,Americas,2017,2021,4,1,25,FALSE,Temperate desert,34,Dsb,Ds,D
US-Cms,AmeriFlux,WET,Northern America,Americas,1999,2005,6,1,16.7,FALSE,Polar,50,ET,ET,E
US-CS2,AmeriFlux,ENF,Northern America,Americas,2018,2022,4,1,25,FALSE,Temperate continental forest,32,Dfa,Df,D
US-DFK,AmeriFlux,CRO,Northern America,Americas,2018,2020,2,1,50,FALSE,Temperate continental forest,32,Dfb,Df,D
US-DS1,AmeriFlux,CRO,Northern America,Americas,2018,2019,1,1,100,FALSE,Subtropical dry forest,22,Csa,Cs,C
US-EA5,AmeriFlux,CSH,Northern America,Americas,2021,2022,1,1,100,FALSE,Subtropical steppe,23,Cfa,Cf,C
US-EKN,AmeriFlux,WET,Northern America,Americas,2023,2024,1,1,100,FALSE,Subtropical mountain system,25,Cfc,Cf,C
US-EKP,AmeriFlux,WET,Northern America,Americas,2022,2024,2,1,50,FALSE,Subtropical mountain system,25,Csb,Cs,C
US-Fcr,AmeriFlux,OSH,Northern America,Americas,2011,2014,3,1,33.3,FALSE,Boreal tundra woodland,42,Dwc,Dw,D
US-HRC,AmeriFlux;Phenocam,CRO,Northern America,Americas,2015,2024,9,1,11.1,FALSE,Subtropical humid forest,21,Cfa,Cf,C
US-Me7,AmeriFlux,ENF,Northern America,Americas,2022,2023,1,1,100,FALSE,Temperate mountain system,35,Csb,Cs,C
US-OPE,AmeriFlux;LTAR;Phenocam,CRO,Northern America,Americas,2022,2022,0,1,NA,FALSE,Subtropical humid forest,21,Cfa,Cf,C
US-PAS,AmeriFlux;LTAR,GRA,Northern America,Americas,2021,2022,1,1,100,FALSE,Subtropical humid forest,21,Cfa,Cf,C
US-PLo,AmeriFlux,WET,Northern America,Americas,2022,2023,1,1,100,FALSE,Temperate continental forest,32,Dfa,Df,D
US-RGF,AmeriFlux;Phenocam,CRO,Northern America,Americas,2023,2024,1,1,100,FALSE,Subtropical dry forest,22,Csa,Cs,C
US-RRC,AmeriFlux,WET,Northern America,Americas,2022,2024,2,1,50,FALSE,Subtropical humid forest,21,Dfa,Df,D
US-SD1,AmeriFlux,CRO,Northern America,Americas,2023,2025,2,1,50,FALSE,Temperate continental forest,32,NA,NA,NA
US-SD2,AmeriFlux,CRO,Northern America,Americas,2023,2025,2,1,50,FALSE,Temperate continental forest,32,NA,NA,NA
US-Snf,AmeriFlux;Phenocam,GRA,Northern America,Americas,2018,2020,2,1,50,FALSE,Subtropical dry forest,22,Csa,Cs,C
US-Sta,AmeriFlux,OSH,Northern America,Americas,2005,2009,4,1,25,FALSE,Temperate desert,34,Bsh,Bs,B
US-Tw5,AmeriFlux;Phenocam,WET,Northern America,Americas,2018,2019,1,1,100,FALSE,Subtropical dry forest,22,Csa,Cs,C
US-UTB,AmeriFlux;UFLUX,BSV,Northern America,Americas,2021,2023,2,1,50,FALSE,Temperate desert,34,Bwk,Bw,B
US-VT1,AmeriFlux,CRO,Northern America,Americas,2023,2025,2,1,50,FALSE,Temperate steppe,33,Cfa,Cf,C
US-VT2,AmeriFlux,CRO,Northern America,Americas,2023,2025,2,1,50,FALSE,Temperate steppe,33,Cfa,Cf,C
US-WT1,AmeriFlux,CRO,Northern America,Americas,2023,2024,1,1,100,FALSE,Subtropical steppe,23,BSk,BS,B
US-ZF2,AmeriFlux,CRO,Northern America,Americas,2024,2025,1,1,100,FALSE,Temperate steppe,33,Dfa,Df,D
PA-SPn,European Fluxes Database,DBF,Latin America and the Caribbean,Americas,2007,2009,2,1,50,FALSE,Tropical rainforest,11,NA,NA,NA
JP-Yms,AsiaFlux;JapanFlux,DBF,Eastern Asia,Asia,2000,2023,23,22,95.7,TRUE,Subtropical humid forest,21,Cfa,Cf,C
JP-Tak,AsiaFlux;JapanFlux,DBF,Eastern Asia,Asia,1998,2021,23,22,95.7,TRUE,Temperate mountain system,35,Dfb,Df,D
JP-Api,AsiaFlux;JapanFlux,DBF,Eastern Asia,Asia,2000,2022,22,22,100,TRUE,Temperate mountain system,35,Dfa,Df,D
IL-Yat,CarboEuroFlux;CarboEuropeIP;European Fluxes Database,ENF,Western Asia,Asia,2000,2024,24,22,91.7,TRUE,Tropical desert,15,Csa,Cs,C
JP-Tef,AsiaFlux;JapanFlux,DNF,Eastern Asia,Asia,2001,2023,22,20,90.9,TRUE,Temperate mountain system,35,Dfb,Df,D
JP-Fjy,AsiaFlux;JapanFlux,ENF,Eastern Asia,Asia,2001,2021,20,20,100,FALSE,Subtropical mountain system,25,Cfa,Cf,C
JP-Fhk,AsiaFlux;JapanFlux,DNF,Eastern Asia,Asia,2006,2023,17,18,105.9,FALSE,Temperate mountain system,35,Cfa,Cf,C
JP-Spp,AsiaFlux;JapanFlux,DBF,Eastern Asia,Asia,2000,2018,18,16,88.9,FALSE,Temperate continental forest,32,Dfb,Df,D
ID-PaD,AsiaFlux;JapanFlux,EBF,South-eastern Asia,Asia,2001,2017,16,12,75,FALSE,Tropical rainforest,11,NA,NA,NA
CN-Dmn,ChinaFLUX,CRO,Eastern Asia,Asia,2012,2024,12,12,100,FALSE,Temperate desert,34,NA,NA,NA
CN-Ash,ChinaFLUX,EBF,Eastern Asia,Asia,2009,2019,10,11,110,FALSE,Subtropical mountain system,25,NA,NA,NA
CN-Aro,ChinaFLUX,GRA,Eastern Asia,Asia,2013,2024,11,11,100,FALSE,Temperate mountain system,35,Bwk,Bw,B
JP-Ta2,AsiaFlux;JapanFlux,ENF,Eastern Asia,Asia,2005,2015,10,10,100,FALSE,Subtropical humid forest,21,Dfb,Df,D
JP-NsM,AsiaFlux;JapanFlux,GRA,Eastern Asia,Asia,2004,2015,11,10,90.9,FALSE,Subtropical mountain system,25,Cfa,Cf,C
JP-NsC,AsiaFlux;JapanFlux,GRA,Eastern Asia,Asia,2004,2015,11,10,90.9,FALSE,Subtropical mountain system,25,Cfa,Cf,C
ID-PaB,AsiaFlux;JapanFlux,OSH,South-eastern Asia,Asia,2004,2016,12,10,83.3,FALSE,Tropical rainforest,11,Am,Am,A
CN-Zha,ChinaFLUX,WET,Eastern Asia,Asia,2012,2024,12,10,83.3,FALSE,Temperate desert,34,NA,NA,NA
CN-Sdq,ChinaFLUX,OSH,Eastern Asia,Asia,2013,2024,11,10,90.9,FALSE,Temperate desert,34,NA,NA,NA
JP-SMF,AsiaFlux;JapanFlux,MF,Eastern Asia,Asia,2002,2014,12,9,75,FALSE,Subtropical humid forest,21,Cfa,Cf,C
CN-YaS,ChinaFLUX,OSH,Eastern Asia,Asia,2011,2020,9,9,100,FALSE,Temperate mountain system,35,NA,NA,NA
CN-BeO,ChinaFLUX,MF,Eastern Asia,Asia,2012,2020,8,9,112.5,FALSE,Temperate continental forest,32,NA,NA,NA
JP-Mse,AsiaFlux;JapanFlux,CRO,Eastern Asia,Asia,2002,2009,7,8,114.3,FALSE,Subtropical humid forest,21,Cfa,Cf,C
CN-Lch,NA,CRO,Eastern Asia,Asia,2008,2020,12,8,66.7,FALSE,Temperate continental forest,32,NA,NA,NA
CN-Huz,ChinaFLUX,BSV,Eastern Asia,Asia,2015,2024,9,8,88.9,FALSE,Temperate desert,34,NA,NA,NA
CN-Dzo,ChinaFLUX,EBF,Eastern Asia,Asia,2010,2020,10,8,80,FALSE,Tropical moist forest,12,NA,NA,NA
TH-Mae,AsiaFlux;JapanFlux,DBF,South-eastern Asia,Asia,2005,2016,11,7,63.6,FALSE,Tropical moist forest,12,Aw,Aw,A
JP-Kzw,AsiaFlux;JapanFlux,MF,Eastern Asia,Asia,2001,2008,7,7,100,FALSE,Temperate mountain system,35,Dfb,Df,D
CN-HaM,AsiaFlux;JapanFlux,GRA,Eastern Asia,Asia,2001,2014,13,7,53.8,FALSE,Temperate mountain system,35,NA,NA,NA
CN-HeM,ChinaFLUX,DBF,Eastern Asia,Asia,2013,2024,11,7,63.6,FALSE,Temperate desert,34,NA,NA,NA
KR-CmF,NA,CRO,Eastern Asia,Asia,2012,2019,7,6,85.7,FALSE,Temperate continental forest,32,Dwa,Dw,D
KR-CRK,AsiaFlux;KoFlux,CRO,Eastern Asia,Asia,2015,2021,6,6,100,FALSE,Temperate continental forest,32,Dwa,Dw,D
JP-Ynf,AsiaFlux;JapanFlux,EBF,Eastern Asia,Asia,2013,2022,9,6,66.7,FALSE,Subtropical humid forest,21,Cfa,Cf,C
JP-MMF,AsiaFlux;JapanFlux,MF,Eastern Asia,Asia,2004,2011,7,6,85.7,FALSE,Temperate mountain system,35,Af,Af,A
ID-Pag,AsiaFlux;JapanFlux,EBF,South-eastern Asia,Asia,2004,2018,14,6,42.9,FALSE,Tropical rainforest,11,Am,Am,A
CN-You,ChinaFLUX,GRA,Eastern Asia,Asia,2015,2024,9,6,66.7,FALSE,Temperate mountain system,35,NA,NA,NA
CN-Du2,ChinaFLUX,GRA,Eastern Asia,Asia,2011,2019,8,6,75,FALSE,Temperate mountain system,35,NA,NA,NA
CN-Dsh,ChinaFLUX,GRA,Eastern Asia,Asia,2013,2024,11,6,54.5,FALSE,Temperate mountain system,35,NA,NA,NA
KR-Kw1,NA,ENF,Eastern Asia,Asia,2016,2020,4,5,125,FALSE,Temperate continental forest,32,Dwa,Dw,D
MY-LHP,AsiaFlux;JapanFlux,EBF,South-eastern Asia,Asia,2009,2019,10,5,50,FALSE,Tropical rainforest,11,Af,Af,A
MN-Kbu,AsiaFlux;JapanFlux,GRA,Eastern Asia,Asia,2003,2008,5,5,100,FALSE,Temperate steppe,33,BSk,BS,B
JP-Tmd,AsiaFlux;JapanFlux,GRA,Eastern Asia,Asia,2005,2023,18,5,27.8,FALSE,Temperate continental forest,32,Dfb,Df,D
JP-MBF,AsiaFlux,DBF,Eastern Asia,Asia,2004,2011,7,5,71.4,FALSE,Temperate mountain system,35,Af,Af,A
CN-Yuc,ChinaFLUX,CRO,Eastern Asia,Asia,2011,2020,9,5,55.6,FALSE,Temperate continental forest,32,NA,NA,NA
CN-Nmn,ChinaFLUX,CRO,Eastern Asia,Asia,2015,2019,4,5,125,FALSE,Temperate steppe,33,NA,NA,NA
CN-Jzh,ChinaFLUX,CRO,Eastern Asia,Asia,2011,2016,5,5,100,FALSE,Temperate continental forest,32,NA,NA,NA
CN-Ha2,ChinaFLUX,OSH,Eastern Asia,Asia,2011,2019,8,5,62.5,FALSE,Temperate mountain system,35,NA,NA,NA
KR-SmM,NA,MF,Eastern Asia,Asia,2015,2021,6,4,66.7,FALSE,Temperate continental forest,32,Dwa,Dw,D
KR-ScC,AsiaFlux;KoFlux,ENF,Eastern Asia,Asia,2015,2018,3,4,133.3,FALSE,Temperate continental forest,32,Dwa,Dw,D
KR-PcD,AsiaFlux;KoFlux,DBF,Eastern Asia,Asia,2015,2018,3,4,133.3,FALSE,Temperate continental forest,32,Dwa,Dw,D
KR-Kw2,AsiaFlux;KoFlux,DBF,Eastern Asia,Asia,2016,2020,4,4,100,FALSE,Temperate continental forest,32,Dwa,Dw,D
KR-JjM,AsiaFlux;KoFlux,MF,Eastern Asia,Asia,2015,2018,3,4,133.3,FALSE,Subtropical humid forest,21,Cfa,Cf,C
MN-Nkh,JapanFlux,GRA,Eastern Asia,Asia,2015,2020,5,4,80,FALSE,Boreal mountain system,43,BSk,BS,B
MN-Hst,JapanFlux,GRA,Eastern Asia,Asia,2015,2020,5,4,80,FALSE,Temperate steppe,33,BSk,BS,B
JP-Toc,JapanFlux,DBF,Eastern Asia,Asia,2011,2014,3,4,133.3,FALSE,Temperate continental forest,32,Dfb,Df,D
JP-Fmt,JapanFlux,MF,Eastern Asia,Asia,2014,2023,9,4,44.4,FALSE,Subtropical humid forest,21,Cfa,Cf,C
CN-Lsh,AsiaFlux;JapanFlux,DNF,Eastern Asia,Asia,2002,2006,4,4,100,FALSE,Temperate continental forest,32,Cfc,Cf,C
ID-JOP,AsiaFlux,EBF,South-eastern Asia,Asia,2014,2024,10,4,40,FALSE,Tropical rainforest,11,Af,Af,A
CN-Sb2,Unaffiliated,ENF,Eastern Asia,Asia,2020,2024,4,4,100,FALSE,Temperate mountain system,35,NA,NA,NA
CN-Sb1,Unaffiliated,DNF,Eastern Asia,Asia,2020,2024,4,4,100,FALSE,Temperate mountain system,35,NA,NA,NA
CN-Jng,ChinaFLUX,GRA,Eastern Asia,Asia,2018,2024,6,4,66.7,FALSE,Temperate mountain system,35,NA,NA,NA
KR-Hnm,AsiaFlux;KoFlux,CRO,Eastern Asia,Asia,2016,2019,3,3,100,FALSE,Subtropical humid forest,21,Cfa,Cf,C
KR-HcM,AsiaFlux;KoFlux,MF,Eastern Asia,Asia,2015,2018,3,3,100,FALSE,Temperate continental forest,32,Dwa,Dw,D
KR-GmS,AsiaFlux;KoFlux,CRO,Eastern Asia,Asia,2017,2019,2,3,150,FALSE,Temperate continental forest,32,Dfa,Df,D
JP-Tmk,AsiaFlux;JapanFlux,DNF,Eastern Asia,Asia,2001,2003,2,3,150,FALSE,Temperate continental forest,32,Dfb,Df,D
JP-Srk,AsiaFlux;JapanFlux,DBF,Eastern Asia,Asia,2010,2016,6,3,50,FALSE,Temperate mountain system,35,Dfa,Df,D
JP-BBY,AsiaFlux;JapanFlux,WET,Eastern Asia,Asia,2014,2020,6,3,50,FALSE,Temperate continental forest,32,Dfb,Df,D
CN-GuT,ChinaFLUX,GRA,Eastern Asia,Asia,2015,2017,2,3,150,FALSE,Temperate mountain system,35,NA,NA,NA
CN-Dda,ChinaFLUX,GRA,Eastern Asia,Asia,2011,2014,3,3,100,FALSE,Temperate desert,34,NA,NA,NA
KR-WdE,AsiaFlux;KoFlux,EBF,Eastern Asia,Asia,2015,2018,3,2,66.7,FALSE,Subtropical humid forest,21,Cfb,Cf,C
KR-UAO,AsiaFlux;KoFlux,CRO,Eastern Asia,Asia,2017,2019,2,2,100,FALSE,Temperate continental forest,32,Dwa,Dw,D
KR-Nj2,AsiaFlux;KoFlux,CRO,Eastern Asia,Asia,2023,2024,1,2,200,FALSE,Temperate continental forest,32,Cfa,Cf,C
KR-GmR,AsiaFlux;KoFlux,CRO,Eastern Asia,Asia,2017,2019,2,2,100,FALSE,Temperate continental forest,32,Dfa,Df,D
KR-AdC,AsiaFlux;KoFlux,ENF,Eastern Asia,Asia,2015,2018,3,2,66.7,FALSE,Temperate continental forest,32,Cfb,Cf,C
JP-Nuf,JapanFlux,DBF,Eastern Asia,Asia,2000,2001,1,2,200,FALSE,Subtropical humid forest,21,Cfa,Cf,C
JP-Hc3,JapanFlux,CRO,Eastern Asia,Asia,2005,2008,3,2,66.7,FALSE,Subtropical humid forest,21,Cfa,Cf,C
CN-Xi2,ChinaFLUX,GRA,Eastern Asia,Asia,2011,2020,9,2,22.2,FALSE,Temperate steppe,33,NA,NA,NA
CN-Erg,ChinaFLUX,GRA,Eastern Asia,Asia,2016,2019,3,2,66.7,FALSE,Temperate steppe,33,NA,NA,NA
KR-TwC,NA,ENF,Eastern Asia,Asia,2024,2024,0,1,NA,FALSE,Temperate continental forest,32,Dwa,Dw,D
KR-Nj1,NA,CRO,Eastern Asia,Asia,2023,2024,1,1,100,FALSE,Temperate continental forest,32,Cfa,Cf,C
KR-HPK,AsiaFlux;KoFlux,CRO,Eastern Asia,Asia,2016,2018,2,1,50,FALSE,Subtropical humid forest,21,Cfa,Cf,C
KR-GmP,NA,CRO,Eastern Asia,Asia,2011,2014,3,1,33.3,FALSE,Temperate continental forest,32,Dfa,Df,D
JP-Om2,AsiaFlux;JapanFlux,GRA,Eastern Asia,Asia,2022,2023,1,1,100,FALSE,Subtropical humid forest,21,Cfa,Cf,C
CN-Yan,NA,OSH,Eastern Asia,Asia,2016,2018,2,1,50,FALSE,Temperate mountain system,35,NA,NA,NA
CN-Wnb,ChinaFLUX,BSV,Eastern Asia,Asia,2021,2021,0,1,NA,FALSE,Temperate desert,34,NA,NA,NA
CN-Mxn,ChinaFLUX,MF,Eastern Asia,Asia,2015,2019,4,1,25,FALSE,Subtropical humid forest,21,NA,NA,NA
CN-HaW,ChinaFLUX,WET,Eastern Asia,Asia,2011,2018,7,1,14.3,FALSE,Temperate mountain system,35,NA,NA,NA
NL-Loo,European Fluxes Database;ICOS,ENF,Western Europe,Europe,1997,2024,27,28,103.7,TRUE,Temperate oceanic forest,31,Cfb,Cf,C
DE-Tha,European Fluxes Database;ICOS,ENF,Western Europe,Europe,1996,2024,28,28,100,TRUE,Temperate oceanic forest,31,Cfb,Cf,C
CH-Dav,European Fluxes Database;ICOS,ENF,Western Europe,Europe,1997,2024,27,28,103.7,FALSE,Temperate mountain system,35,Dfc,Df,D
DK-Sor,European Fluxes Database;ICOS,DBF,Northern Europe,Europe,1996,2024,28,26,92.9,TRUE,Temperate oceanic forest,31,Cfb,Cf,C
BE-Vie,European Fluxes Database;ICOS,MF,Western Europe,Europe,1996,2024,28,26,92.9,TRUE,Temperate oceanic forest,31,Cfb,Cf,C
FR-Pue,European Fluxes Database;ICOS,EBF,Western Europe,Europe,2000,2024,24,24,100,FALSE,Subtropical dry forest,22,Csa,Cs,C
FI-Hyy,European Fluxes Database;ICOS,ENF,Northern Europe,Europe,1997,2024,27,24,88.9,TRUE,Boreal coniferous forest,41,Dfc,Df,D
RU-Fyo,European Fluxes Database;GHG-Europe;InGOS;TCOS-Siberia,ENF,Eastern Europe,Europe,1998,2024,26,24,92.3,FALSE,Temperate continental forest,32,Dfb,Df,D
IT-Ren,European Fluxes Database;ICOS,ENF,Southern Europe,Europe,1999,2024,25,23,92,FALSE,Temperate mountain system,35,Dfc,Df,D
DE-Hai,European Fluxes Database;ICOS,DBF,Western Europe,Europe,2000,2024,24,22,91.7,FALSE,Temperate oceanic forest,31,Dfb,Df,D
BE-Bra,European Fluxes Database;ICOS,ENF,Western Europe,Europe,1999,2024,25,22,88,FALSE,Temperate oceanic forest,31,Cfb,Cf,C
UK-AMo,European Fluxes Database;ICOS,WET,Northern Europe,Europe,2003,2024,21,21,100,FALSE,Temperate oceanic forest,31,Cfc,Cf,C
CH-Oe2,CarboEuropeIP;European Fluxes Database;GHG-Europe;Swiss FluxNet,CRO,Western Europe,Europe,2004,2024,20,21,105,FALSE,Temperate oceanic forest,31,Cfb,Cf,C
CZ-BK1,European Fluxes Database;ICOS,ENF,Eastern Europe,Europe,2004,2024,20,20,100,FALSE,Temperate mountain system,35,Dfb,Df,D
CH-Lae,CarboEuropeIP;European Fluxes Database;GHG-Europe;Swiss FluxNet,MF,Western Europe,Europe,2004,2024,20,20,100,FALSE,Temperate oceanic forest,31,NA,NA,NA
FR-Aur,European Fluxes Database;ICOS,CRO,Western Europe,Europe,2005,2024,19,19,100,FALSE,Temperate oceanic forest,31,Cfb,Cf,C
DE-Gri,European Fluxes Database;ICOS,GRA,Western Europe,Europe,2004,2024,20,19,95,FALSE,Temperate oceanic forest,31,Dfb,Df,D
BE-Lon,European Fluxes Database;ICOS,CRO,Western Europe,Europe,2004,2024,20,19,95,FALSE,Temperate oceanic forest,31,Cfb,Cf,C
AT-Neu,CarboEuropeIP;European Fluxes Database;GHG-Europe,GRA,Western Europe,Europe,2002,2020,18,19,105.6,FALSE,Temperate mountain system,35,Dfb,Df,D
FR-Gri,European Fluxes Database;ICOS,CRO,Western Europe,Europe,2004,2024,20,18,90,FALSE,Temperate oceanic forest,31,BSk,BS,B
CZ-wet,European Fluxes Database;ICOS,WET,Eastern Europe,Europe,2006,2024,18,18,100,FALSE,Temperate continental forest,32,Dfb,Df,D
IT-Lav,CarboEuroFlux;CarboEuropeIP;CarboItaly;European Fluxes Database;GHG-Europe,ENF,Southern Europe,Europe,2003,2020,17,18,105.9,FALSE,Temperate mountain system,35,NA,NA,NA
CH-Cha,CarboExtreme;European Fluxes Database;GHG-Europe;Swiss FluxNet,GRA,Western Europe,Europe,2005,2024,19,18,94.7,FALSE,Temperate oceanic forest,31,NA,NA,NA
DE-Obe,CarboEuropeIP;European Fluxes Database,ENF,Western Europe,Europe,2008,2024,16,17,106.2,FALSE,Temperate mountain system,35,Cfb,Cf,C
CH-Fru,CarboExtreme;European Fluxes Database;GHG-Europe;Swiss FluxNet,GRA,Western Europe,Europe,2005,2024,19,17,89.5,FALSE,Temperate oceanic forest,31,NA,NA,NA
IT-MBo,European Fluxes Database;ICOS,GRA,Southern Europe,Europe,2003,2024,21,16,76.2,FALSE,Temperate oceanic forest,31,Dfc,Df,D
IT-BCi,European Fluxes Database;ICOS,CRO,Southern Europe,Europe,2004,2024,20,16,80,FALSE,Subtropical dry forest,22,Cfa,Cf,C
IT-Tor,European Fluxes Database;ICOS,GRA,Southern Europe,Europe,2008,2024,16,15,93.8,FALSE,Temperate mountain system,35,Dfc,Df,D
FR-FBn,European Fluxes Database;ICOS,ENF,Western Europe,Europe,2008,2024,16,15,93.8,FALSE,Subtropical dry forest,22,Cfa,Cf,C
CZ-Stn,European Fluxes Database,DBF,Eastern Europe,Europe,2010,2024,14,15,107.1,FALSE,Temperate continental forest,32,NA,NA,NA
BE-Dor,European Fluxes Database;ICOS,GRA,Western Europe,Europe,2011,2024,13,14,107.7,FALSE,Temperate oceanic forest,31,Cfb,Cf,C
FI-Let,European Fluxes Database;ICOS,ENF,Northern Europe,Europe,2009,2024,15,13,86.7,FALSE,Boreal coniferous forest,41,Dfb,Df,D
DE-RuR,European Fluxes Database;ICOS,GRA,Western Europe,Europe,2011,2024,13,13,100,FALSE,Temperate mountain system,35,Cfb,Cf,C
CZ-RAJ,European Fluxes Database,ENF,Eastern Europe,Europe,2012,2024,12,13,108.3,FALSE,Temperate continental forest,32,NA,NA,NA
CH-Rtb,European Fluxes Database,GRA,Western Europe,Europe,2009,2022,13,13,100,FALSE,Temperate mountain system,35,Dfb,Df,D
IT-TrF,European Fluxes Database;ICOS,DNF,Southern Europe,Europe,2012,2024,12,12,100,FALSE,Temperate mountain system,35,Dfc,Df,D
IT-SRo,CarboEuroFlux;CarboEuropeIP;CarboExtreme;European Fluxes Database;Medeflu,ENF,Southern Europe,Europe,1999,2012,13,12,92.3,FALSE,Subtropical dry forest,22,NA,NA,NA
ES-LJu,NA,OSH,Southern Europe,Europe,2004,2024,20,12,60,FALSE,Subtropical dry forest,22,NA,NA,NA
DE-RuS,European Fluxes Database;ICOS,CRO,Western Europe,Europe,2011,2024,13,11,84.6,FALSE,Temperate oceanic forest,31,Cfb,Cf,C
IT-SR2,European Fluxes Database;ICOS,ENF,Southern Europe,Europe,2013,2024,11,11,100,FALSE,Subtropical dry forest,22,Csa,Cs,C
DE-RuC,European Fluxes Database,OSH,Western Europe,Europe,2013,2024,11,11,100,FALSE,Temperate mountain system,35,NA,NA,NA
FR-Bil,European Fluxes Database;ICOS,ENF,Western Europe,Europe,2014,2024,10,10,100,FALSE,Temperate oceanic forest,31,Cfb,Cf,C
DE-HoH,European Fluxes Database;ICOS,DBF,Western Europe,Europe,2015,2024,9,10,111.1,FALSE,Temperate oceanic forest,31,Cfb,Cf,C
NL-Vkp,European Fluxes Database,GRA,Western Europe,Europe,2014,2024,10,10,100,FALSE,Temperate oceanic forest,31,Cfb,Cf,C
ES-LM2,European Fluxes Database,SAV,Southern Europe,Europe,2014,2024,10,10,100,FALSE,Subtropical dry forest,22,NA,NA,NA
CZ-KrP,European Fluxes Database,CRO,Eastern Europe,Europe,2014,2023,9,10,111.1,FALSE,Temperate mountain system,35,NA,NA,NA
CH-Oe1,CarboEuropeIP;European Fluxes Database;GreenGrass;Swiss FluxNet,GRA,Western Europe,Europe,2002,2011,9,10,111.1,FALSE,Temperate oceanic forest,31,NA,NA,NA
CH-Aws,CarboExtreme;European Fluxes Database;GHG-Europe;Swiss FluxNet,GRA,Western Europe,Europe,2006,2024,18,10,55.6,FALSE,Temperate mountain system,35,NA,NA,NA
SE-Svb,European Fluxes Database;ICOS,ENF,Northern Europe,Europe,2014,2024,10,9,90,FALSE,Boreal coniferous forest,41,Dfc,Df,D
FI-Var,European Fluxes Database;ICOS,ENF,Northern Europe,Europe,2016,2024,8,9,112.5,FALSE,Boreal coniferous forest,41,Dfc,Df,D
DE-RuW,European Fluxes Database;ICOS,ENF,Western Europe,Europe,2011,2024,13,9,69.2,FALSE,Temperate mountain system,35,Cfb,Cf,C
DE-GsB,European Fluxes Database;ICOS,GRA,Western Europe,Europe,2015,2024,9,9,100,FALSE,Temperate oceanic forest,31,Dfb,Df,D
CZ-Lnz,European Fluxes Database;ICOS,DBF,Eastern Europe,Europe,2015,2024,9,9,100,FALSE,Temperate continental forest,32,BSk,BS,B
ES-LM1,European Fluxes Database,SAV,Southern Europe,Europe,2014,2024,10,9,90,FALSE,Subtropical dry forest,22,NA,NA,NA
CH-Oe3,European Fluxes Database,GRA,Western Europe,Europe,2002,2011,9,9,100,FALSE,Temperate oceanic forest,31,Cfb,Cf,C
FR-EM2,European Fluxes Database;ICOS,CRO,Western Europe,Europe,2017,2024,7,8,114.3,FALSE,Temperate oceanic forest,31,Cfb,Cf,C
RU-Fy2,European Fluxes Database,ENF,Eastern Europe,Europe,2015,2024,9,8,88.9,FALSE,Temperate continental forest,32,Dfb,Df,D
FR-Nzn,European Fluxes Database,GRA,Western Europe,Europe,2016,2024,8,8,100,FALSE,Temperate oceanic forest,31,Cfb,Cf,C
FR-LBr,CarboEuroFlux;CarboEuropeIP;CarboExtreme;EuroFlux;European Fluxes Database;GHG-Europe,ENF,Western Europe,Europe,1998,2008,10,8,80,FALSE,Temperate oceanic forest,31,NA,NA,NA
EE-Stg,European Fluxes Database,ENF,Northern Europe,Europe,2016,2024,8,8,100,FALSE,Temperate continental forest,32,Dfb,Df,D
IT-Lsn,European Fluxes Database;ICOS,OSH,Southern Europe,Europe,2016,2024,8,7,87.5,FALSE,Temperate oceanic forest,31,Cfa,Cf,C
FR-Tou,European Fluxes Database;ICOS,GRA,Western Europe,Europe,2018,2024,6,7,116.7,FALSE,Temperate oceanic forest,31,Cfb,Cf,C
FI-Ken,European Fluxes Database;ICOS,ENF,Northern Europe,Europe,2018,2024,6,7,116.7,FALSE,Boreal mountain system,43,Dfc,Df,D
DE-Kli,European Fluxes Database;ICOS,CRO,Western Europe,Europe,2018,2024,6,7,116.7,FALSE,Temperate oceanic forest,31,Dfb,Df,D
BE-Maa,European Fluxes Database;ICOS,CSH,Western Europe,Europe,2016,2024,8,7,87.5,FALSE,Temperate oceanic forest,31,Cfb,Cf,C
ES-Amo,NA,OSH,Southern Europe,Europe,2007,2019,12,7,58.3,FALSE,Subtropical dry forest,22,NA,NA,NA
SE-Nor,European Fluxes Database;ICOS,ENF,Northern Europe,Europe,2018,2024,6,6,100,FALSE,Temperate continental forest,32,Dfb,Df,D
SE-Htm,European Fluxes Database;ICOS,ENF,Northern Europe,Europe,2018,2024,6,6,100,FALSE,Temperate oceanic forest,31,Dfb,Df,D
FR-Mej,European Fluxes Database;ICOS,GRA,Western Europe,Europe,2019,2024,5,6,120,FALSE,Temperate oceanic forest,31,Cfb,Cf,C
FI-Sii,European Fluxes Database;ICOS,WET,Northern Europe,Europe,2018,2024,6,6,100,FALSE,Boreal coniferous forest,41,Dfc,Df,D
SE-Ros,European Fluxes Database,ENF,Northern Europe,Europe,2014,2020,6,6,100,FALSE,Boreal coniferous forest,41,NA,NA,NA
NO-And,NA,WET,Northern Europe,Europe,2008,2014,6,6,100,FALSE,Boreal mountain system,43,NA,NA,NA
NL-Hrw,European Fluxes Database,GRA,Western Europe,Europe,2001,2010,9,6,66.7,FALSE,Temperate oceanic forest,31,Cfb,Cf,C
ES-Mcd,European Fluxes Database,EBF,Southern Europe,Europe,2018,2024,6,6,100,FALSE,Subtropical dry forest,22,NA,NA,NA
ES-Hen,European Fluxes Database,ENF,Southern Europe,Europe,2019,2024,5,6,120,FALSE,Subtropical dry forest,22,BSk,BS,B
ES-HeB,European Fluxes Database,ENF,Southern Europe,Europe,2019,2024,5,6,120,FALSE,Subtropical dry forest,22,BSk,BS,B
DE-RuM,European Fluxes Database,CRO,Western Europe,Europe,2011,2019,8,6,75,FALSE,Temperate oceanic forest,31,Cfb,Cf,C
DE-Hte,EuroFlux;European Fluxes Database,WET,Western Europe,Europe,2009,2018,9,6,66.7,FALSE,Temperate oceanic forest,31,NA,NA,NA
SE-Deg,European Fluxes Database;ICOS,WET,Northern Europe,Europe,2019,2024,5,5,100,FALSE,Boreal coniferous forest,41,Dfc,Df,D
IT-BFt,European Fluxes Database;ICOS,DBF,Southern Europe,Europe,2019,2024,5,5,100,FALSE,Temperate oceanic forest,31,BSk,BS,B
FR-Fon,European Fluxes Database;ICOS,DBF,Western Europe,Europe,2019,2024,5,5,100,FALSE,Temperate oceanic forest,31,Cfb,Cf,C
ES-LMa,European Fluxes Database;ICOS,SAV,Southern Europe,Europe,2020,2024,4,5,125,FALSE,Subtropical dry forest,22,BSk,BS,B
DE-Har,European Fluxes Database;ICOS,ENF,Western Europe,Europe,2020,2024,4,5,125,FALSE,Temperate oceanic forest,31,NA,NA,NA
IT-Arz,European Fluxes Database,OSH,Southern Europe,Europe,2016,2024,8,5,62.5,FALSE,Temperate oceanic forest,31,Cfa,Cf,C
FI-Qvd,European Fluxes Database,CRO,Northern Europe,Europe,2018,2023,5,5,100,FALSE,Temperate continental forest,32,Dfb,Df,D
ES-Cnd,European Fluxes Database,WSA,Southern Europe,Europe,2014,2021,7,5,71.4,FALSE,Subtropical dry forest,22,NA,NA,NA
ES-Abr,European Fluxes Database,SAV,Southern Europe,Europe,2015,2020,5,5,100,FALSE,Subtropical dry forest,22,NA,NA,NA
CZ-LnG,European Fluxes Database,GRA,Eastern Europe,Europe,2019,2024,5,5,100,FALSE,Temperate continental forest,32,NA,NA,NA
IT-Cp2,European Fluxes Database;ICOS,MF,Southern Europe,Europe,2012,2024,12,4,33.3,FALSE,Subtropical dry forest,22,Csa,Cs,C
FR-CLt,European Fluxes Database;ICOS,GRA,Western Europe,Europe,2019,2024,5,4,80,FALSE,Temperate mountain system,35,Dfc,Df,D
FR-Mau,European Fluxes Database;GHG-Europe,GRA,Western Europe,Europe,2005,2011,6,4,66.7,FALSE,Temperate oceanic forest,31,NA,NA,NA
FI-Ruk,European Fluxes Database,CRO,Northern Europe,Europe,2020,2023,3,4,133.3,FALSE,Boreal coniferous forest,41,Dfc,Df,D
FI-Rk2,European Fluxes Database,ENF,Northern Europe,Europe,2020,2023,3,4,133.3,FALSE,Boreal coniferous forest,41,Dfc,Df,D
ES-Yst,NA,ENF,Southern Europe,Europe,2019,2024,5,4,80,FALSE,Subtropical dry forest,22,Csa,Cs,C
ES-Pzb,European Fluxes Database,GRA,Southern Europe,Europe,2020,2024,4,4,100,FALSE,Subtropical dry forest,22,Csa,Cs,C
ES-Gdn,European Fluxes Database;GHG-Europe,SAV,Southern Europe,Europe,2014,2021,7,4,57.1,FALSE,Subtropical dry forest,22,NA,NA,NA
CZ-BK2,CarboEuropeIP;Carbomont;European Fluxes Database;GHG-Europe,GRA,Eastern Europe,Europe,2006,2012,6,4,66.7,FALSE,Temperate mountain system,35,NA,NA,NA
BE-Lcr,European Fluxes Database,DBF,Western Europe,Europe,2019,2022,3,4,133.3,FALSE,Temperate oceanic forest,31,Cfb,Cf,C
AT-PsM,European Fluxes Database;LTER,WET,Western Europe,Europe,2015,2019,4,4,100,FALSE,Temperate mountain system,35,Dfb,Df,D
AT-Nsd,European Fluxes Database;LTER,WET,Western Europe,Europe,2018,2022,4,4,100,FALSE,Temperate continental forest,32,NA,NA,NA
FR-Lam,European Fluxes Database;ICOS,CRO,Western Europe,Europe,2021,2024,3,3,100,FALSE,Temperate oceanic forest,31,Cfb,Cf,C
DK-Vng,European Fluxes Database;ICOS,CRO,Northern Europe,Europe,2020,2023,3,3,100,FALSE,Temperate oceanic forest,31,Cfb,Cf,C
DE-Hzd,European Fluxes Database;ICOS,DBF,Western Europe,Europe,2022,2024,2,3,150,FALSE,Temperate oceanic forest,31,Dfb,Df,D
DE-Geb,European Fluxes Database;ICOS,CRO,Western Europe,Europe,2020,2024,4,3,75,FALSE,Temperate continental forest,32,Cfb,Cf,C
UK-BnB,European Fluxes Database,GRA,Northern Europe,Europe,2021,2024,3,3,100,FALSE,Temperate oceanic forest,31,Cfb,Cf,C
SE-Hmr,European Fluxes Database,WET,Northern Europe,Europe,2020,2023,3,3,100,FALSE,Boreal coniferous forest,41,NA,NA,NA
SE-HfM,European Fluxes Database,WET,Northern Europe,Europe,2020,2023,3,3,100,FALSE,Boreal coniferous forest,41,NA,NA,NA
RU-Che,European Fluxes Database;PAGE21;TCOS-Siberia,WET,Eastern Europe,Europe,2013,2021,8,3,37.5,FALSE,Boreal tundra woodland,42,NA,NA,NA
NO-Fns,European Fluxes Database,SNO,Northern Europe,Europe,2017,2024,7,3,42.9,FALSE,Boreal mountain system,43,ET,ET,E
IT-NiG,European Fluxes Database,GRA,Southern Europe,Europe,2020,2024,4,3,75,FALSE,Temperate mountain system,35,NA,NA,NA
IT-CA3,European Fluxes Database;GHG-Europe,DBF,Southern Europe,Europe,2011,2014,3,3,100,FALSE,Subtropical dry forest,22,NA,NA,NA
IT-CA2,European Fluxes Database;GHG-Europe,CRO,Southern Europe,Europe,2011,2014,3,3,100,FALSE,Subtropical dry forest,22,NA,NA,NA
IT-BsB,European Fluxes Database,DBF,Southern Europe,Europe,2021,2024,3,3,100,FALSE,Temperate mountain system,35,NA,NA,NA
FI-Nsv,European Fluxes Database,CVM,Northern Europe,Europe,2021,2024,3,3,100,FALSE,Boreal coniferous forest,41,Dfc,Df,D
ES-MtB,European Fluxes Database,OSH,Southern Europe,Europe,2021,2024,3,3,100,FALSE,Subtropical dry forest,22,NA,NA,NA
ES-FtD,European Fluxes Database,WET,Southern Europe,Europe,2021,2024,3,3,100,FALSE,Subtropical dry forest,22,NA,NA,NA
ES-Crg,European Fluxes Database,CSH,Southern Europe,Europe,2021,2024,3,3,100,FALSE,Subtropical dry forest,22,NA,NA,NA
DE-Spw,NA,WET,Western Europe,Europe,2010,2015,5,3,60,FALSE,Temperate continental forest,32,NA,NA,NA
DE-Rns,European Fluxes Database,CRO,Western Europe,Europe,2021,2024,3,3,100,FALSE,Temperate oceanic forest,31,Cfb,Cf,C
CH-Rh2,European Fluxes Database,GRA,Western Europe,Europe,2018,2021,3,3,100,FALSE,Temperate oceanic forest,31,Cfb,Cf,C
CH-Rh1,European Fluxes Database,GRA,Western Europe,Europe,2018,2021,3,3,100,FALSE,Temperate oceanic forest,31,Cfb,Cf,C
AT-Mmg,European Fluxes Database,ENF,Western Europe,Europe,2021,2024,3,3,100,FALSE,Temperate mountain system,35,Cfb,Cf,C
SE-Sto,European Fluxes Database;ICOS,WET,Northern Europe,Europe,2022,2024,2,2,100,FALSE,Boreal mountain system,43,Dfc,Df,D
IT-Noe,European Fluxes Database;ICOS,CSH,Southern Europe,Europe,2022,2024,2,2,100,FALSE,Subtropical dry forest,22,Csa,Cs,C
FR-Lus,European Fluxes Database;ICOS,GRA,Western Europe,Europe,2022,2024,2,2,100,FALSE,Temperate oceanic forest,31,Cfb,Cf,C
FR-Lqu,European Fluxes Database;ICOS,GRA,Western Europe,Europe,2022,2024,2,2,100,FALSE,Temperate mountain system,35,Cfb,Cf,C
DK-Skj,European Fluxes Database;ICOS,WET,Northern Europe,Europe,2020,2022,2,2,100,FALSE,Temperate oceanic forest,31,NA,NA,NA
DK-RCW,European Fluxes Database;ICOS,DBF,Northern Europe,Europe,2023,2024,1,2,200,FALSE,Temperate oceanic forest,31,Dfb,Df,D
DE-Msr,European Fluxes Database;ICOS,ENF,Western Europe,Europe,2020,2024,4,2,50,FALSE,Temperate oceanic forest,31,Dfb,Df,D
DE-Amv,European Fluxes Database;ICOS,WET,Western Europe,Europe,2023,2024,1,2,200,FALSE,Temperate oceanic forest,31,Cfb,Cf,C
UK-Gwr,European Fluxes Database,GRA,Northern Europe,Europe,2022,2024,2,2,100,FALSE,Temperate oceanic forest,31,Cfb,Cf,C
UK-Gnn,European Fluxes Database,GRA,Northern Europe,Europe,2022,2024,2,2,100,FALSE,Temperate oceanic forest,31,Cfb,Cf,C
UK-GaB,European Fluxes Database,GRA,Northern Europe,Europe,2022,2024,2,2,100,FALSE,Temperate oceanic forest,31,Cfb,Cf,C
UK-CCr,European Fluxes Database,GRA,Northern Europe,Europe,2022,2024,2,2,100,FALSE,Temperate oceanic forest,31,Cfb,Cf,C
SE-Trb,European Fluxes Database,WET,Northern Europe,Europe,2021,2023,2,2,100,FALSE,Boreal coniferous forest,41,Dfc,Df,D
RU-Fy4,European Fluxes Database,WET,Eastern Europe,Europe,2015,2020,5,2,40,FALSE,Temperate continental forest,32,NA,NA,NA
RU-Ch2,European Fluxes Database;PAGE21,WET,Eastern Europe,Europe,2014,2021,7,2,28.6,FALSE,Boreal tundra woodland,42,NA,NA,NA
IT-CA1,European Fluxes Database;GHG-Europe,DBF,Southern Europe,Europe,2011,2014,3,2,66.7,FALSE,Subtropical dry forest,22,NA,NA,NA
FI-Jok,European Fluxes Database;GHG-Europe,CRO,Northern Europe,Europe,2000,2003,3,2,66.7,FALSE,Boreal coniferous forest,41,NA,NA,NA
ES-VDA,CarboEuropeIP;Carbomont;European Fluxes Database,GRA,Southern Europe,Europe,2022,2024,2,2,100,FALSE,Subtropical dry forest,22,NA,NA,NA
EE-Pts,European Fluxes Database;GHG-Europe,WET,Northern Europe,Europe,2022,2024,2,2,100,FALSE,Temperate continental forest,32,Dfb,Df,D
DE-Seh,CarboEuropeIP;European Fluxes Database,CRO,Western Europe,Europe,2007,2010,3,2,66.7,FALSE,Temperate oceanic forest,31,NA,NA,NA
DE-Lkb,NA,ENF,Western Europe,Europe,2009,2013,4,2,50,FALSE,Temperate mountain system,35,NA,NA,NA
CH-Crs,European Fluxes Database,GRA,Western Europe,Europe,2015,2016,1,2,200,FALSE,Temperate oceanic forest,31,Cfb,Cf,C
AT-Zoe,European Fluxes Database;LTER,MF,Western Europe,Europe,2014,2024,10,2,20,FALSE,Temperate mountain system,35,Dfb,Df,D
NO-Hur,European Fluxes Database;ICOS,ENF,Northern Europe,Europe,2023,2024,1,1,100,FALSE,Boreal coniferous forest,41,NA,NA,NA
FI-Sod,European Fluxes Database;ICOS,ENF,Northern Europe,Europe,2023,2024,1,1,100,FALSE,Boreal coniferous forest,41,Dfc,Df,D
FI-Ant,European Fluxes Database;ICOS,GRA,Northern Europe,Europe,2022,2022,0,1,NA,FALSE,Boreal coniferous forest,41,NA,NA,NA
DK-Gds,European Fluxes Database;ICOS,ENF,Northern Europe,Europe,2020,2022,2,1,50,FALSE,Temperate oceanic forest,31,Cfb,Cf,C
DE-Gwg,European Fluxes Database;ICOS,GRA,Western Europe,Europe,2023,2024,1,1,100,FALSE,Temperate mountain system,35,Dfb,Df,D
DE-Fen,European Fluxes Database;ICOS,GRA,Western Europe,Europe,2023,2024,1,1,100,FALSE,Temperate mountain system,35,Dfb,Df,D
DE-Brs,European Fluxes Database;ICOS,CRO,Western Europe,Europe,2023,2024,1,1,100,FALSE,Temperate oceanic forest,31,Cfb,Cf,C
UK-HpF,European Fluxes Database,CRO,Northern Europe,Europe,2023,2024,1,1,100,FALSE,Temperate oceanic forest,31,Cfb,Cf,C
UK-HgF,European Fluxes Database,GRA,Northern Europe,Europe,2023,2024,1,1,100,FALSE,Temperate oceanic forest,31,Cfb,Cf,C
UK-Cvn,European Fluxes Database,GRA,Northern Europe,Europe,2023,2024,1,1,100,FALSE,Temperate oceanic forest,31,Cfb,Cf,C
SE-Srj,European Fluxes Database,WET,Northern Europe,Europe,2020,2023,3,1,33.3,FALSE,Boreal coniferous forest,41,NA,NA,NA
NO-Ikr,European Fluxes Database,WET,Northern Europe,Europe,2019,2022,3,1,33.3,FALSE,Boreal mountain system,43,Dfc,Df,D
FI-Sar,European Fluxes Database,CRO,Northern Europe,Europe,2022,2022,0,1,NA,FALSE,Boreal coniferous forest,41,NA,NA,NA
FI-Pap,European Fluxes Database,CRO,Northern Europe,Europe,2022,2022,0,1,NA,FALSE,Boreal coniferous forest,41,NA,NA,NA
ES-Srn,European Fluxes Database,EBF,Southern Europe,Europe,2023,2024,1,1,100,FALSE,Subtropical dry forest,22,NA,NA,NA
ES-Mzn,European Fluxes Database,EBF,Southern Europe,Europe,2023,2024,1,1,100,FALSE,Subtropical dry forest,22,NA,NA,NA
EE-Rng,European Fluxes Database;GHG-Europe,WET,Northern Europe,Europe,2023,2024,1,1,100,FALSE,Temperate continental forest,32,Dfb,Df,D
DE-SbM,European Fluxes Database,WET,Western Europe,Europe,2023,2024,1,1,100,FALSE,Temperate mountain system,35,Cfb,Cf,C
DE-Akm,European Fluxes Database,WET,Western Europe,Europe,2009,2024,15,1,6.7,FALSE,Temperate oceanic forest,31,Cfb,Cf,C
CH-Tnk,European Fluxes Database,CRO,Western Europe,Europe,2024,2024,0,1,NA,FALSE,Temperate oceanic forest,31,Cfb,Cf,C
AU-How,OzFlux,WSA,Australia and New Zealand,Oceania,2002,2025,23,20,87,TRUE,Tropical dry forest,13,NA,NA,NA
AU-DaS,OzFlux,WSA,Australia and New Zealand,Oceania,2007,2025,18,16,88.9,TRUE,Tropical dry forest,13,NA,NA,NA
AU-Stp,OzFlux,GRA,Australia and New Zealand,Oceania,2008,2025,17,14,82.4,TRUE,Tropical desert,15,NA,NA,NA
AU-Cow,OzFlux,EBF,Australia and New Zealand,Oceania,2009,2025,16,13,81.2,TRUE,Tropical rainforest,11,NA,NA,NA
AU-Cpr,TERN,WSA,Australia and New Zealand,Oceania,2010,2025,15,13,86.7,FALSE,Subtropical steppe,23,NA,NA,NA
AU-Cum,TERN,EBF,Australia and New Zealand,Oceania,2014,2025,11,12,109.1,FALSE,Subtropical humid forest,21,NA,NA,NA
AU-Gin,OzFlux,EBF,Australia and New Zealand,Oceania,2011,2025,14,12,85.7,FALSE,Subtropical dry forest,22,NA,NA,NA
AU-GWW,OzFlux,EBF,Australia and New Zealand,Oceania,2013,2025,12,11,91.7,FALSE,Subtropical desert,24,NA,NA,NA
AU-Rob,OzFlux,EBF,Australia and New Zealand,Oceania,2013,2025,12,11,91.7,FALSE,Tropical rainforest,11,NA,NA,NA
AU-ASM,TERN,SAV,Australia and New Zealand,Oceania,2010,2025,15,11,73.3,FALSE,Tropical desert,15,NA,NA,NA
AU-Ync,OzFlux,GRA,Australia and New Zealand,Oceania,2012,2025,13,10,76.9,FALSE,Subtropical steppe,23,NA,NA,NA
AU-Dry,OzFlux,WSA,Australia and New Zealand,Oceania,2009,2025,16,9,56.2,TRUE,Tropical shrubland,14,NA,NA,NA
AU-Whr,OzFlux,EBF,Australia and New Zealand,Oceania,2011,2025,14,8,57.1,FALSE,Subtropical steppe,23,NA,NA,NA
AU-Ctr,OzFlux,EBF,Australia and New Zealand,Oceania,2010,2018,8,7,87.5,FALSE,Tropical rainforest,11,NA,NA,NA
AU-Boy,TERN,EBF,Australia and New Zealand,Oceania,2017,2025,8,6,75,FALSE,Subtropical steppe,23,NA,NA,NA
AU-Lit,TERN,WSA,Australia and New Zealand,Oceania,2015,2025,10,6,60,FALSE,Tropical dry forest,13,NA,NA,NA
NZ-ADw,OzFlux,GRA,Australia and New Zealand,Oceania,2015,2022,7,6,85.7,FALSE,Temperate oceanic forest,31,NA,NA,NA
AU-Rgf,OzFlux,CVM,Australia and New Zealand,Oceania,2015,2025,10,6,60,FALSE,Subtropical steppe,23,NA,NA,NA
AU-Sam,OzFlux,GRA,Australia and New Zealand,Oceania,2010,2017,7,6,85.7,FALSE,Subtropical humid forest,21,NA,NA,NA
NZ-Lau,OzFlux,GRA,Australia and New Zealand,Oceania,2019,2025,6,6,100,FALSE,Temperate oceanic forest,31,NA,NA,NA
AU-Sil,OzFlux,GRA,Australia and New Zealand,Oceania,2019,2024,5,5,100,FALSE,Temperate mountain system,35,NA,NA,NA
AU-Rig,OzFlux,GRA,Australia and New Zealand,Oceania,2011,2017,6,5,83.3,FALSE,Subtropical steppe,23,NA,NA,NA
NZ-Oxf,OzFlux,GRA,Australia and New Zealand,Oceania,2006,2010,4,5,125,FALSE,Temperate oceanic forest,31,NA,NA,NA
AU-APL,OzFlux,WET,Australia and New Zealand,Oceania,2017,2022,5,4,80,FALSE,Temperate mountain system,35,NA,NA,NA
AU-DaP,OzFlux,GRA,Australia and New Zealand,Oceania,2008,2013,5,4,80,FALSE,Tropical dry forest,13,NA,NA,NA
NZ-Kop,OzFlux,WET,Australia and New Zealand,Oceania,2012,2015,3,4,133.3,FALSE,Subtropical humid forest,21,NA,NA,NA
NZ-ScF,OzFlux,GRA,Australia and New Zealand,Oceania,2008,2011,3,4,133.3,FALSE,Subtropical humid forest,21,NA,NA,NA
AU-Wom,TERN,EBF,Australia and New Zealand,Oceania,2010,2025,15,4,26.7,FALSE,Subtropical steppe,23,NA,NA,NA
NZ-ADd,OzFlux,GRA,Australia and New Zealand,Oceania,2016,2020,4,4,100,FALSE,Temperate oceanic forest,31,NA,NA,NA
AU-Fle,OzFlux,WSA,Australia and New Zealand,Oceania,2022,2025,3,3,100,FALSE,Tropical shrubland,14,NA,NA,NA
AU-Otw,OzFlux,GRA,Australia and New Zealand,Oceania,2007,2010,3,3,100,FALSE,Temperate oceanic forest,31,NA,NA,NA
AU-Lon,OzFlux,GRA,Australia and New Zealand,Oceania,2018,2024,6,3,50,FALSE,Tropical desert,15,NA,NA,NA
VU-Coc,NA,EBF,Melanesia,Oceania,2001,2004,3,2,66.7,FALSE,Tropical rainforest,11,NA,NA,NA
AU-Ya1,OzFlux,GRA,Australia and New Zealand,Oceania,2023,2025,2,2,100,FALSE,Subtropical humid forest,21,NA,NA,NA
NZ-Cla,OzFlux,GRA,Australia and New Zealand,Oceania,2022,2025,3,2,66.7,FALSE,Temperate oceanic forest,31,NA,NA,NA
NZ-BFm,OzFlux,GRA,Australia and New Zealand,Oceania,2012,2015,3,2,66.7,FALSE,Temperate oceanic forest,31,NA,NA,NA
AU-Emr,OzFlux,GRA,Australia and New Zealand,Oceania,2011,2013,2,2,100,FALSE,Tropical shrubland,14,NA,NA,NA
AU-Ya2,OzFlux,GRA,Australia and New Zealand,Oceania,2023,2025,2,2,100,FALSE,Subtropical humid forest,21,NA,NA,NA
AU-Wel,OzFlux,GRA,Australia and New Zealand,Oceania,2024,2025,1,2,200,FALSE,Subtropical steppe,23,NA,NA,NA
AU-Wrr,OzFlux,EBF,Australia and New Zealand,Oceania,2013,2021,8,2,25,FALSE,Temperate mountain system,35,NA,NA,NA
AU-Ade,OzFlux,WSA,Australia and New Zealand,Oceania,2007,2009,2,1,50,FALSE,Tropical dry forest,13,NA,NA,NA
AU-MvA,OzFlux,CRO,Australia and New Zealand,Oceania,2023,2024,1,1,100,FALSE,Subtropical steppe,23,NA,NA,NA
AU-MvB,OzFlux,CRO,Australia and New Zealand,Oceania,2024,2024,0,1,NA,FALSE,Subtropical steppe,23,NA,NA,NA
AU-RDF,OzFlux,WSA,Australia and New Zealand,Oceania,2011,2013,2,1,50,FALSE,Tropical dry forest,13,NA,NA,NA
NZ-BFu,OzFlux,GRA,Australia and New Zealand,Oceania,2012,2014,2,1,50,FALSE,Temperate oceanic forest,31,NA,NA,NA
AU-Sno,OzFlux,EBF,Australia and New Zealand,Oceania,2024,2025,1,1,100,FALSE,Temperate mountain system,35,NA,NA,NA
AU-Fog,OzFlux,GRA,Australia and New Zealand,Oceania,2006,2008,2,1,50,FALSE,Tropical dry forest,13,NA,NA,NA
