site_id,site_name,country,lat,lon,elev,igbp,dataset
AT-Neu,Austria – Neustift/Stubai Valley,Austria,47.116668701171875,11.317500114440918,970,GRA,LaThuile
AU-Fog,Australia – Fogg Dam,Australia,-12.542499542236328,131.3070068359375,NA,WET,LaThuile
AU-How,Australia – Howard Springs,Australia,-12.49429988861084,131.15199279785156,NA,WSA,LaThuile
AU-Tum,Australia – Tumbarumba,Australia,-35.65570068359375,148.15199279785156,1200,EBF,LaThuile
AU-Wac,Australia – Wallaby Creek,Australia,-37.42900085449219,145.18699645996094,545,EBF,LaThuile
BE-Bra,Belgium – Brasschaat (De Inslag Forest),Belgium,51.309200286865234,4.520559787750244,16,MF,LaThuile
BE-Jal,Belgium – Jalhay,Belgium,50.563899993896484,6.073329925537109,NA,MF,LaThuile
BE-Lon,Belgium – Lonzee,Belgium,50.55220031738281,4.744939804077148,167,CRO,LaThuile
BE-Vie,Belgium – Vielsalm,Belgium,50.30550003051758,5.996829986572266,450,MF,LaThuile
BR-Ban,Brazil – Ecotone Bananal Island,Brazil,-9.824419975280762,-50.15909957885742,NA,EBF,LaThuile
BR-Cax,Brazil – Caxiuana Forest-Almeirim,Brazil,-1.7197200059890747,-51.45899963378906,NA,EBF,LaThuile
BR-Ji1,Brazil – Rond.- Faz. Nossa Senhora-i Parana-pasture,Brazil,-10.761799812316895,-62.357200622558594,306,GRA,LaThuile
BR-Ji2,Brazil – Rond.- Rebio Jaru Ji Parana- Tower A,Brazil,-10.083200454711914,-61.93090057373047,120,EBF,LaThuile
BR-Ma2,Brazil – Manaus – ZF2 K34,Brazil,-2.609100103378296,-60.20930099487305,120,EBF,LaThuile
BR-Sa1,Brazil – Santarem-Km67-Primary Forest,Brazil,-2.8566699028015137,-54.958900451660156,NA,EBF,LaThuile
BR-Sa2,Brazil – Santarem-Km77-Pasture,Brazil,-3.011899948120117,-54.5364990234375,NA,CRO,LaThuile
BR-Sa3,Brazil – Santarem-Km83-Logged Forest,Brazil,-3.0180299282073975,-54.97140121459961,NA,EBF,LaThuile
BR-Sp1,Brazil – Sao Paulo Cerrado,Brazil,-21.61949920654297,-47.649898529052734,690,WSA,LaThuile
BW-Ghg,Botswana – Ghanzi Grass Site,Botswana,-21.510000228881836,21.739999771118164,NA,SAV,LaThuile
BW-Ghm,Botswana – Ghanzi Mixed Site,Botswana,-21.200000762939453,21.75,NA,WSA,LaThuile
BW-Ma1,Botswana – Maun- Mopane Woodland,Botswana,-19.91550064086914,23.56049919128418,950,WSA,LaThuile
CA-Ca1,Canada – British Columbia- Campbell River – Mature Forest Site,Canada,49.8671989440918,-125.33399963378906,300,ENF,LaThuile
CA-Ca2,Canada – British Columbia- Campbell River – Clearcut Site,Canada,49.87049865722656,-125.29100036621094,300,ENF,LaThuile
CA-Ca3,Canada – British Columbia- Campbell River – Young Plantation Site,Canada,49.53459930419922,-124.9000015258789,NA,ENF,LaThuile
CA-Gro,Canada – Ontario- Groundhog River-Mat. Boreal Mixed Wood,Canada,48.21670150756836,-82.15560150146484,NA,MF,LaThuile
CA-Let,Canada – Lethbridge,Canada,49.70930099487305,-112.94000244140625,960,GRA,LaThuile
CA-Man,Canada – BOREAS NSA – Old Black Spruce,Canada,55.879600524902344,-98.48079681396484,259,ENF,LaThuile
CA-Mer,Canada – Eastern Peatland- Mer Bleue,Canada,45.409400939941406,-75.51860046386719,70,WET,LaThuile
CA-NS1,Canada – UCI-1850 burn site,Canada,55.87919998168945,-98.48390197753906,260,ENF,LaThuile
CA-NS2,Canada – UCI-1930 burn site,Canada,55.905799865722656,-98.52469635009766,260,ENF,LaThuile
CA-NS3,Canada – UCI-1964 burn site,Canada,55.91170120239258,-98.3822021484375,260,ENF,LaThuile
CA-NS4,Canada – UCI-1964 burn site wet,Canada,55.91170120239258,-98.3822021484375,260,ENF,LaThuile
CA-NS5,Canada – UCI-1981 burn site,Canada,55.86309814453125,-98.48500061035156,260,ENF,LaThuile
CA-NS6,Canada – UCI-1989 burn site,Canada,55.91669845581055,-98.96440124511719,NA,OSH,LaThuile
CA-NS7,Canada – UCI-1998 burn site,Canada,56.635799407958984,-99.94830322265625,NA,OSH,LaThuile
CA-Oas,Canada – Sask.- SSA Old Aspen,Canada,53.62889862060547,-106.197998046875,530,DBF,LaThuile
CA-Obs,Canada – Sask.- SSA Old Black Spruce,Canada,53.98720169067383,-105.11799621582031,628.94,ENF,LaThuile
CA-Ojp,Canada – Sask.- SSA Old Jack Pine,Canada,53.91630172729492,-104.69200134277344,579,ENF,LaThuile
CA-Qcu,Canada – Quebec Boreal Cutover Site,Canada,49.2671012878418,-74.0364990234375,392.3,ENF,LaThuile
CA-Qfo,Canada – Quebec Mature Boreal Forest Site,Canada,49.692501068115234,-74.34210205078125,382,ENF,LaThuile
CA-SF1,Canada – Sask.- Fire 1977,Canada,54.48500061035156,-105.81800079345703,536,ENF,LaThuile
CA-SF2,Canada – Sask.- Fire 1989,Canada,54.25389862060547,-105.87799835205078,520,ENF,LaThuile
CA-SF3,Canada – Sask.- Fire 1998,Canada,54.09159851074219,-106.00499725341797,540,OSH,LaThuile
CA-SJ1,Canada – Sask.- 1994 Harv. Jack Pine,Canada,53.90800094604492,-104.65599822998047,580,ENF,LaThuile
CA-SJ2,Canada – Sask.- 2002 Harvested Jack Pine,Canada,53.94499969482422,-104.64900207519531,580,ENF,LaThuile
CA-SJ3,Canada – Sask.- SSA 1975 Harv. Yng Jack Pine,Canada,53.87580108642578,-104.6449966430664,NA,ENF,LaThuile
CA-TP1,Canada – Ontario- Turkey Point Seedling White Pine,Canada,42.6609001159668,-80.55950164794922,265,ENF,LaThuile
CA-TP2,Canada – Ontario- Turkey Point Young White Pine,Canada,42.77439880371094,-80.45880126953125,212,ENF,LaThuile
CA-TP3,Canada – Ontario- Turkey Point Middle-aged White Pine,Canada,42.7067985534668,-80.348297119140625,184,ENF,LaThuile
CA-TP4,Canada – Ontario- Turkey Point Mature White Pine,Canada,42.709800720214844,-80.3573989868164,184,ENF,LaThuile
CA-WP1,Canada – Western Peatland- LaBiche-Black Spruce/Larch Fen,Canada,54.953800201416016,-112.46700286865234,540,WET,LaThuile
CA-WP2,Canada – Poor Fen,Canada,55.537498474121094,-112.33399963378906,NA,WET,LaThuile
CA-WP3,Canada – Rich Fen,Canada,54.470001220703125,-113.31999969482422,NA,WET,LaThuile
CG-Tch,Republic of Congo – Tchizalamou,Republic of Congo,-4.289169788360596,11.656399726867676,NA,OSH,LaThuile
CH-Oe1,Switzerland – Oensingen1 grass,Switzerland,47.28559875488281,7.732140064239502,450,GRA,LaThuile
CH-Oe2,Switzerland – Oensingen2 crop,Switzerland,47.28630065917969,7.734330177307129,452,CRO,LaThuile
CN-Anh,China – Anhui Huaining,China,33,117,NA,DBF,LaThuile
CN-Bed,China – Beijing Daxing,China,39.530601501464844,116.25199890136719,30,EBF,LaThuile
CN-Cha,China – Changbaishan,China,42.40250015258789,128.0959930419922,761,MF,LaThuile
CN-Do1,China – Dongtan 1,China,31.516700744628906,121.96099853515625,NA,WET,LaThuile
CN-Do2,China – Dongtan 2,China,31.584699630737305,121.90299987792969,NA,WET,LaThuile
CN-Do3,China – Dongtan 3,China,31.51689910888672,121.97200012207031,NA,WET,LaThuile
CN-Du1,China – Duolun_cropland,China,42.04560089111328,116.6709976196289,1350,CRO,LaThuile
CN-Du2,China – Duolun_grassland,China,42.04669952392578,116.28399658203125,1350,GRA,LaThuile
CN-HaM,China – Haibei Alpine Tibet site,China,37.369998931884766,101.18000030517578,3250,GRA,LaThuile
CN-Hny,China – Hunan Yueyang,China,29.309999465942383,112.51000213623047,NA,DBF,LaThuile
CN-Ku1,China – Kubuqi_populus forest,China,40.538299560546875,108.69400024414062,1020,EBF,LaThuile
CN-Ku2,China – Kubuqi_shrubland,China,40.38079833984375,108.54900360107422,1160,OSH,LaThuile
CN-Xfs,China – Xilinhot Inner Mongolia fenced typical steppe,China,44.1341667175293,116.32861328125,NA,TBD,LaThuile
CN-Xi1,China – Xilinhot fenced steppe (X06),China,43.545833587646484,116.67778015136719,1250,GRA,LaThuile
CN-Xi2,China – Xilinhot grassland site (X03),China,43.55440139770508,116.6709976196289,1250,GRA,LaThuile
CZ-BK1,Czech Republic – Bily Kriz- Beskidy Mountains,Czech Republic,49.502601623535156,18.538400650024414,908,ENF,LaThuile
CZ-BK2,Czech Republic – Bily Kriz- grassland,Czech Republic,49.49530029296875,18.544700622558594,855,GRA,LaThuile
CZ-wet,Czech Republic – CZECHWET,Czech Republic,49.025001525878906,14.772000312805176,420,WET,LaThuile
DE-Bay,Germany – Bayreuth-Waldstein/WeidenBrunnen,Germany,50.14189910888672,11.866900444030762,775,ENF,LaThuile
DE-Geb,Germany – Gebesee,Germany,51.100101470947266,10.914299964904785,161.5,CRO,LaThuile
DE-Gri,Germany – Grillenburg- grass station,Germany,50.949501037597656,13.512499809265137,385,GRA,LaThuile
DE-Hai,Germany – Hainich,Germany,51.07929992675781,10.45199966430664,430,DBF,LaThuile
DE-Har,Germany – Hartheim,Germany,47.93439865112305,7.60099983215332,201,ENF,LaThuile
DE-Kli,Germany – Klingenberg – cropland,Germany,50.89289855957031,13.522500038146973,480,CRO,LaThuile
DE-Meh,Germany – Mehrstedt 1,Germany,51.275299072265625,10.655500411987305,286,GRA,LaThuile
DE-Tha,Germany – Anchor Station Tharandt – old spruce,Germany,50.963600158691406,13.566900253295898,380,ENF,LaThuile
DE-Wet,Germany – Wetzstein,Germany,50.45349884033203,11.457500457763672,785,ENF,LaThuile
DK-Fou,Denmark – Foulum,Denmark,56.48419952392578,9.587220191955566,51,CRO,LaThuile
DK-Lva,Denmark – Lille Valby (Rimi),Denmark,55.68330001831055,12.08329963684082,15,GRA,LaThuile
DK-Ris,Denmark – Risbyholm,Denmark,55.53030014038086,12.097200393676758,10,CRO,LaThuile
DK-Sor,Denmark – Soroe- LilleBogeskov,Denmark,55.486900329589844,11.64579963684082,40,DBF,LaThuile
ES-ES1,Spain – El Saler,Spain,39.34600067138672,-0.31880998611450195,10,ENF,LaThuile
ES-ES2,Spain – El Saler-Sueca,Spain,39.2755012512207,-0.3152199983596802,10,CRO,LaThuile
ES-LJu,Spain – Llano de los Juanes,Spain,36.928199768066406,-2.750469923019409,1600,OSH,LaThuile
ES-LMa,Spain – Las Majadas del Tietar,Spain,39.94150161743164,-5.773359775543213,260,SAV,LaThuile
ES-VDA,Spain – Vall d’Alinya,Spain,42.152198791503906,1.4485000371932983,1770,GRA,LaThuile
FI-Hyy,Finland – Hyytiala,Finland,61.8474006652832,24.2947998046875,181,ENF,LaThuile
FI-Kaa,Finland – Kaamanen wetland,Finland,69.14070129394531,27.295000076293945,155,WET,LaThuile
FI-Sii,Finland – Siikaneva fen,Finland,61.83300018310547,24.19300079345703,NA,GRA,LaThuile
FI-Sod,Finland – Sodankyla,Finland,67.36190032958984,26.637800216674805,180,ENF,LaThuile
FR-Aur,France – Aurade,France,43.549400329589844,1.1077799797058105,NA,CRO,LaThuile
FR-Fon,France – Fontainebleau,France,48.47629928588867,2.7801499366760254,90,DBF,LaThuile
FR-Gri,France – Grignon (after 6/5/2005),France,48.84400177001953,1.952430009841919,125,CRO,LaThuile
FR-Hes,France – Hesse Forest- Sarrebourg,France,48.674198150634766,7.064620018005371,300,DBF,LaThuile
FR-Lam,France – Lamasquere,France,43.49330139160156,1.237220048904419,NA,CRO,LaThuile
FR-LBr,France – Le Bray (after 6/28/1998),France,44.717098236083984,-0.7692999839782715,61,ENF,LaThuile
FR-Lq1,France – Laqueuille,France,45.644100189208984,2.737030029296875,1040,GRA,LaThuile
FR-Lq2,France – Laqueuille extensive,France,45.639198303222656,2.737030029296875,1040,GRA,LaThuile
FR-Pue,France – Puechabon,France,43.74140167236328,3.595829963684082,270,EBF,LaThuile
GF-Guy,French Guyana – Guyaflux,French Guyana,5.277699947357178,-52.92879867553711,35,EBF,LaThuile
HU-Bug,Hungary – Bugacpuszta,Hungary,46.69110107421875,19.601299285888672,140,GRA,LaThuile
HU-Mat,Hungary – Matra,Hungary,47.846900939941406,19.72599983215332,350,GRA,LaThuile
ID-Pag,Indonesia – Palangkaraya,Indonesia,2.3450000286102295,114.03600311279297,30,EBF,LaThuile
IE-Ca1,Ireland – Carlow1,Ireland,52.85879898071289,-6.918139934539795,50,CRO,LaThuile
IE-Dri,Ireland – Dripsey,Ireland,51.986698150634766,-8.751810073852539,187,GRA,LaThuile
IL-Yat,Israel – Yatir,Israel,31.344999313354492,35.05149841308594,650,ENF,LaThuile
IS-Gun,Iceland – Gunnarsholt,Iceland,63.83330154418945,-20.216699600219727,78,DBF,LaThuile
IT-Amp,Italy – Amplero,Italy,41.90409851074219,13.605199813842773,884.231,GRA,LaThuile
IT-BCi,Italy – Borgo Cioffi,Italy,40.523799896240234,14.95740032196045,20,CRO,LaThuile
IT-Be2,Italy – Beano 2,Italy,46.00310134887695,13.025699615478516,NA,GRA,LaThuile
IT-Bon,Italy – Bonis,Italy,39.47779846191406,16.534700393676758,1170,ENF,LaThuile
IT-Cas,Italy – Castellaro,Italy,45.06284713745117,8.668539047241211,NA,CRO,LaThuile
IT-Col,Italy – Collelongo- Selva Piana,Italy,41.84939956665039,13.58810043334961,1550,DBF,LaThuile
IT-Cpz,Italy – Castelporziano,Italy,41.7052001953125,12.376099586486816,68.253,EBF,LaThuile
IT-Lav,Italy – Lavarone (after 3/2002),Italy,45.955299377441406,11.281200408935547,1353,ENF,LaThuile
IT-Lec,Italy – Lecceto,Italy,43.30459976196289,11.270600318908691,314,EBF,LaThuile
IT-LMa,Italy – La Mandria,Italy,45.581298828125,7.154630184173584,350,GRA,LaThuile
IT-Mal,Italy – Malga Arpaco,Italy,46.11669921875,11.702799797058105,1730,GRA,LaThuile
IT-MBo,Italy – Monte Bondone,Italy,46.01559829711914,11.046699523925781,1550,GRA,LaThuile
IT-Noe,Italy – Sardinia/Arca di Noè,Italy,40.60599899291992,8.151000022888184,28,CSH,LaThuile
IT-Non,Italy – Nonantola,Italy,44.68980026245117,11.088700294494629,25,DBF,LaThuile
IT-Pia,Italy – Island of Pianosa,Italy,42.583900451660156,10.078399658203125,18,OSH,LaThuile
IT-PT1,Italy – Zerbolo-Parco Ticino- Canarazzo,Italy,45.20090103149414,9.061039924621582,60,DBF,LaThuile
IT-Ren,Italy – Renon/Ritten (Bolzano),Italy,46.587799072265625,11.434700012207031,1730,ENF,LaThuile
IT-Ro1,Italy – Roccarespampani 1,Italy,42.40810012817383,11.930000305175781,234.771,DBF,LaThuile
IT-Ro2,Italy – Roccarespampani 2,Italy,42.39030075073242,11.920900344848633,223.903,DBF,LaThuile
IT-SRo,Italy – San Rossore,Italy,43.72785949707031,10.284440040588379,4,ENF,LaThuile
IT-Vig,Italy – Vigevano,Italy,45.31666564941406,8.850000381469727,NA,DBF,LaThuile
JP-Mas,"Japan – Mase paddy flux site, Tsukuba, Japan (MSE)",Japan,36.05397033691406,140.02691650390625,12,CRO,LaThuile
JP-Tak,Japan – Takayama,Japan,36.14619827270508,137.42300415039062,1420,DBF,LaThuile
JP-Tef,Japan – Teshio Experimental Forest,Japan,45.056339263916016,142.106201171875,70,MF,LaThuile
JP-Tom,Japan – Tomakomai National Forest,Japan,42.739498138427734,141.514892578125,140,MF,LaThuile
KR-Hnm,Korea – Haenam,Korea,34.54999923706055,126.56999969482422,NA,CRO,LaThuile
KR-Kw1,Korea – Gwangneung Coniferous Forest,Korea,37.748600006103516,127.16300201416016,330,MF,LaThuile
NL-Ca1,Netherlands – Cabauw,Netherlands,51.97100067138672,4.927000045776367,0.7,GRA,LaThuile
NL-Haa,Netherlands – Haastrecht,Netherlands,52.00310134887695,4.805500030517578,NA,GRA,LaThuile
NL-Hor,Netherlands – Horstermeer,Netherlands,52.028900146484375,5.067500114440918,-2.2,GRA,LaThuile
NL-Lan,Netherlands – Langerak,Netherlands,51.9536018371582,4.902900218963623,NA,CRO,LaThuile
NL-Loo,Netherlands – Loobos,Netherlands,52.16790008544922,5.743959903717041,25,ENF,LaThuile
NL-Lut,Netherlands – Lutjewad,Netherlands,53.39889907836914,6.355999946594238,NA,CRO,LaThuile
NL-Mol,Netherlands – Molenweg,Netherlands,51.650001525878906,4.638999938964844,NA,CRO,LaThuile
PL-wet,Poland – Polwet,Poland,52.76219940185547,16.30940055847168,54.1,WET,LaThuile
PT-Esp,Portugal – Espirra,Portugal,38.639400482177734,-8.601799964904785,95,EBF,LaThuile
PT-Mi1,Portugal – Mitra (Evora),Portugal,38.54069900512695,-8.000399589538574,250,EBF,LaThuile
PT-Mi2,Portugal – Mitra IV Tojal,Portugal,38.47650146484375,-8.024550437927246,190,GRA,LaThuile
RU-Che,Russia – Cherskii,Russia,68.61470031738281,161.33900451660156,NA,MF,LaThuile
RU-Cok,Russia – Chokurdakh,Russia,70.61669921875,147.88299560546875,NA,OSH,LaThuile
RU-Fyo,Russia – Fyodorovskoye wet spruce stand,Russia,56.461669921875,32.92388916015625,265,ENF,LaThuile
RU-Ha1,Russia – Ubs Nur- Hakasija-grassland,Russia,54.72529983520508,90.002197265625,NA,GRA,LaThuile
RU-Ha2,Russia – Ubs Nur- Hakasija-recovering grassland,Russia,54.773101806640625,89.95670318603516,NA,GRA,LaThuile
RU-Ha3,Russia – Ubs Nur-Hakasija- Site 3,Russia,54.704551696777344,89.077850341796875,NA,GRA,LaThuile
RU-Zot,Russia – Zotino,Russia,60.80080032348633,89.350799560546875,90,ENF,LaThuile
SE-Abi,Sweden – Abisko,Sweden,68.36238861083984,18.794750213623047,NA,DBF,LaThuile
SE-Deg,Sweden – Degero,Sweden,64.18329620361328,19.549999237060547,270,WET,LaThuile
SE-Faj,Sweden – Fajemyr (NECC),Sweden,56.265499114990234,13.553500175476074,140,WET,LaThuile
SE-Fla,Sweden – Flakaliden,Sweden,64.11280059814453,19.456899642944336,226,ENF,LaThuile
SE-Nor,Sweden – Norunda,Sweden,60.08649826049805,17.479503631591797,43,ENF,LaThuile
SE-Sk1,Sweden – Skyttorp1 young,Sweden,60.125,17.918100357055664,42,ENF,LaThuile
SE-Sk2,Sweden – Skyttorp,Sweden,60.129669189453125,17.840059280395508,55,ENF,LaThuile
SE-St1,Sweden – Stordalen Forest- Mountain Birch,Sweden,68.36669921875,19.049694061279297,367,DBF,LaThuile
SK-Tat,Slovak Republic – Tatra,Slovak Republic,49.12080001831055,20.16349983215332,1050,ENF,LaThuile
TW-Tar,Taiwan – TARI (TWTARI),Taiwan,24.031200408935547,120.68800354003906,55,CRO,LaThuile
UK-AMo,UK – Auchencorth Moss- Scotland,UK,55.79169845581055,-3.2388899326324463,270,WET,LaThuile
UK-EBu,UK – Easter Bush- Scotland,UK,55.86600112915039,-3.205780029296875,190,GRA,LaThuile
UK-ESa,UK – East Saltoun,UK,55.90694046020508,-2.858609914779663,97,CRO,LaThuile
UK-Gri,UK – Griffin- Aberfeldy-Scotland,UK,56.60721969604492,-3.7980599403381348,340,ENF,LaThuile
UK-Ham,UK – Hampshire,UK,51.153533935546875,-0.858299970626831,80,DBF,LaThuile
UK-Her,UK – Hertfordshire,UK,51.78379821777344,-0.4760800004005432,140,CRO,LaThuile
UK-PL3,UK – Pang/ Lambourne (forest),UK,51.45000076293945,-1.2666699886322021,115,DBF,LaThuile
UK-Tad,UK – Tadham Moor,UK,51.20709991455078,-2.8286399841308594,3,GRA,LaThuile
US-ARb,USA – OK – ARM Southern Great Plains burn site- Lamont,USA,35.54970169067383,-98.04019927978516,424,GRA,LaThuile
US-ARc,USA – OK – ARM Southern Great Plains control site- Lamont,USA,35.54648971557617,-98.04000091552734,424,GRA,LaThuile
US-ARM,USA – OK – ARM Southern Great Plains site- Lamont,USA,36.60580062866211,-97.488800048828125,314,CRO,LaThuile
US-Atq,USA – AK – Atqasuk,USA,70.46959686279297,-157.40899658203125,15,WET,LaThuile
US-Aud,USA – AZ – Audubon Research Ranch,USA,31.590700149536133,-110.51000213623047,1469,GRA,LaThuile
US-Bar,USA – NH – Bartlett Experimental Forest,USA,44.06460189819336,-71.28807830810547,272,DBF,LaThuile
US-Bkg,USA – SD – Brookings,USA,44.345298767089844,-96.83619689941406,510,GRA,LaThuile
US-Blo,USA – CA – Blodgett Forest,USA,38.895198822021484,-120.63275146484375,1315,ENF,LaThuile
US-Bn1,"USA – AK – Bonanza Creek, 1920 Burn site near Delta Junction",USA,63.9197998046875,-145.3780059814453,518,ENF,LaThuile
US-Bn2,"USA – AK – Bonanza Creek, 1987 Burn site near Delta Junction",USA,63.9197998046875,-145.3780059814453,410,DBF,LaThuile
US-Bn3,"USA – AK – Bonanza Creek, 1999 Burn site near Delta Junction",USA,63.922698974609375,-145.74400329589844,469,OSH,LaThuile
US-Bo1,USA – IL – Bondville,USA,40.00619888305664,-88.29039764404297,219,CRO,LaThuile
US-Bo2,USA – IL – Bondville (companion site),USA,40.00899887084961,-88.29000091552734,219,CRO,LaThuile
US-Brw,USA – AK – Barrow,USA,71.32250213623047,-156.6259002685547,1,WET,LaThuile
US-CaV,USA – WV – Canaan Valley,USA,39.06330108642578,-79.4207992553711,994,GRA,LaThuile
US-Dk1,USA – NC – Duke Forest-open field,USA,35.97119903564453,-79.09339904785156,168,GRA,LaThuile
US-Dk2,USA – NC – Duke Forest-hardwoods,USA,35.97359848022461,-79.10040283203125,168,DBF,LaThuile
US-Dk3,USA – NC – Duke Forest – loblolly pine,USA,35.97819900512695,-79.09420013427734,163,ENF,LaThuile
US-Fmf,USA – AZ – Flagstaff – Managed Forest,USA,35.142601013183594,-111.72730255126953,2160,ENF,LaThuile
US-FPe,USA – MT – Fort Peck,USA,48.307701110839844,-105.10189819335938,634,GRA,LaThuile
US-FR2,USA – TX – Freeman Ranch- Mesquite Juniper,USA,29.949499130249023,-97.99620056152344,271.9,WSA,LaThuile
US-Fuf,USA – AZ – Flagstaff – Unmanaged Forest,USA,35.0890007019043,-111.76200103759766,2180,ENF,LaThuile
US-Fwf,USA – AZ – Flagstaff – Wildfire,USA,35.44540023803711,-111.77179718017578,2270,GRA,LaThuile
US-Goo,USA – MS – Goodwin Creek,USA,34.25469970703125,-89.87349700927734,87,GRA,LaThuile
US-Ha1,USA – MA – Harvard Forest EMS Tower (HFR1),USA,42.53779983520508,-72.17150115966797,340,DBF,LaThuile
US-Ha2,USA – MA – Harvard Forest Hemlock Site,USA,42.53929901123047,-72.17790222167969,360,ENF,LaThuile
US-Ho1,USA – ME – Howland Forest (main tower),USA,45.2041015625,-68.74019622802734,60,ENF,LaThuile
US-Ho2,USA – ME – Howland Forest (west tower),USA,45.20909881591797,-68.74700164794922,91,ENF,LaThuile
US-IB1,USA – IL – Fermi National Accelerator Laboratory- Batavia (Agricultural site),USA,41.85929870605469,-88.22270202636719,NA,CRO,LaThuile
US-IB2,USA – IL – Fermi National Accelerator Laboratory- Batavia (Prairie site),USA,41.840599060058594,-88.240997314453125,NA,GRA,LaThuile
US-Ivo,USA – AK – Ivotuk,USA,68.48650360107422,-155.75,NA,WET,LaThuile
US-KS1,USA – FL – Kennedy Space Center (slash pine),USA,28.45829963684082,-80.6708984375,NA,ENF,LaThuile
US-KS2,USA – FL – Kennedy Space Center (scrub oak),USA,28.608600616455078,-80.67150115966797,3,CSH,LaThuile
US-Los,USA – WI – Lost Creek,USA,46.082698822021484,-89.97920227050781,480,CSH,LaThuile
US-LPH,USA – MA – Little Prospect Hill,USA,42.541900634765625,-72.18499755859375,NA,DBF,LaThuile
US-Me1,USA – OR – Metolius – Eyerly burn,USA,44.57939910888672,-121.5,896,ENF,LaThuile
US-Me2,USA – OR – Metolius-intermediate aged ponderosa pine,USA,44.452301025390625,-121.55740356445312,1253,ENF,LaThuile
US-Me3,USA – OR – Metolius-second young aged pine,USA,44.315399169921875,-121.60780334472656,1005,ENF,LaThuile
US-Me4,USA – OR – Metolius-old aged ponderosa pine,USA,44.49919891357422,-121.62239837646484,922,ENF,LaThuile
US-MMS,USA – IN – Morgan Monroe State Forest,USA,39.32310104370117,-86.41310119628906,275,DBF,LaThuile
US-MOz,USA – MO – Missouri Ozark Site,USA,38.74409866333008,-92.19999694824219,219.4,DBF,LaThuile
US-NC1,USA – NC – NC_Clearcut,USA,35.811500549316406,-76.71150207519531,5,OSH,LaThuile
US-NC2,USA – NC – NC_Loblolly Plantation,USA,35.8031005859375,-76.66790008544922,12,ENF,LaThuile
US-Ne1,USA – NE – Mead – irrigated continuous maize site,USA,41.16510009765625,-96.47660064697266,361,CRO,LaThuile
US-Ne2,USA – NE – Mead – irrigated maize-soybean rotation site,USA,41.16490173339844,-96.47010040283203,362,CRO,LaThuile
US-Ne3,USA – NE – Mead – rainfed maize-soybean rotation site,USA,41.1796989440918,-96.439697265625,363,CRO,LaThuile
US-NR1,USA – CO – Niwot Ridge Forest (LTER NWT1),USA,40.032901763916016,-105.5459976196289,3050,ENF,LaThuile
US-Oho,USA – OH – Oak Openings,USA,41.554500579833984,-83.84380340576172,230,DBF,LaThuile
US-PFa,USA – WI – Park Falls/WLEF,USA,45.945899963378906,-90.27230072021484,470,MF,LaThuile
US-SO2,USA – CA – Sky Oaks- Old Stand,USA,33.3739013671875,-116.62288665771484,1394,CSH,LaThuile
US-SO3,USA – CA – Sky Oaks- Young Stand,USA,33.377201080322266,-116.62268829345703,1429,CSH,LaThuile
US-SO4,USA – CA – Sky Oaks- New Stand,USA,33.3843994140625,-116.64025115966797,1429,CSH,LaThuile
US-SP1,USA – FL – Slashpine-Austin Cary- 65yrs nat regen,USA,29.738100051879883,-82.21880340576172,50,ENF,LaThuile
US-SP2,"USA – FL – Slashpine-Mize-clearcut-3yr,regen",USA,29.764799118041992,-82.24479675292969,50,ENF,LaThuile
US-SP3,USA – FL – Slashpine-Donaldson-mid-rot- 12yrs,USA,29.75480079650879,-82.163299560546875,50,ENF,LaThuile
US-SP4,USA – FL – Slashpine-Rayonier-mid-rot- 12yrs,USA,29.802799224853516,-82.2031021118164,NA,ENF,LaThuile
US-SRM,USA – AZ – Santa Rita Mesquite,USA,31.821399688720703,-110.86599731445312,1120,WSA,LaThuile
US-Syv,USA – MI – Sylvania Wilderness Area,USA,46.242000579833984,-89.34770202636719,540,MF,LaThuile
US-Ton,USA – CA – Tonzi Ranch,USA,38.43159866333008,-120.96600341796875,177,WSA,LaThuile
US-UMB,USA – MI – Univ. of Mich. Biological Station,USA,45.55979919433594,-84.71379852294922,234,DBF,LaThuile
US-Var,USA – CA – Vaira Ranch- Ione,USA,38.413299560546875,-120.95072937011719,129,GRA,LaThuile
US-WBW,USA – TN – Walker Branch Watershed,USA,35.95880126953125,-84.28739929199219,283,DBF,LaThuile
US-WCr,USA – WI – Willow Creek,USA,45.80590057373047,-90.07990264892578,520,DBF,LaThuile
US-Wi0,USA – WI – Young red pine (YRP),USA,46.61880111694336,-91.0813980102539,NA,ENF,LaThuile
US-Wi1,USA – WI – Intermediate hardwood (IHW),USA,46.730499267578125,-91.23290252685547,NA,DBF,LaThuile
US-Wi2,USA – WI – Intermediate red pine (IRP),USA,46.6869010925293,-91.152801513671875,NA,ENF,LaThuile
US-Wi4,USA – WI – Mature red pine (MRP),USA,46.73929977416992,-91.16629791259766,NA,ENF,LaThuile
US-Wi5,USA – WI – Mixed young jack pine (MYJP),USA,46.653099060058594,-91.08580017089844,NA,ENF,LaThuile
US-Wi6,USA – WI – Pine barrens #1 (PB1),USA,46.624900817871094,-91.29820251464844,NA,OSH,LaThuile
US-Wi7,USA – WI – Red pine clearcut (RPCC),USA,46.64910125732422,-91.06929779052734,NA,OSH,LaThuile
US-Wi8,USA – WI – Young hardwood clearcut (YHW),USA,46.7223014831543,-91.25240325927734,NA,DBF,LaThuile
US-Wi9,USA – WI – Young Jack pine (YJP),USA,46.61880111694336,-91.0813980102539,NA,ENF,LaThuile
US-Wkg,USA – AZ – Walnut Gulch Kendall Grasslands,USA,31.736499786376953,-109.94200134277344,1531,GRA,LaThuile
US-Wrc,USA – WA – Wind River Crane Site,USA,45.820499420166016,-121.9520034790039,371,ENF,LaThuile
VU-Coc,Vanuatu – CocoFlux,Vanuatu,-15.442700386047363,167.19200134277344,80,EBF,LaThuile
ZA-Kru,South Africa – Skukuza- Kruger National Park,South Africa,-25.019699096679688,31.49690055847168,365,SAV,LaThuile
