site_id,data_hub,igbp,un_subregion,continent,first_year,last_year,span_years,n_years_valid_nee,pct_coverage,currently_selected,gez_name,gez_code,kg_class,kg_second,kg_main,mat_worldclim,map_worldclim,aridity_index,aridity_class
BJ-Nhu,Unaffiliated,SAV,Sub-Saharan Africa,Africa,2008,2017,9,6,66.7,TRUE,Tropical moist forest,12,Aw,Aw,A,26.350666046142575,1205,0.6811,Humid
SN-Nkr,European Fluxes Database,CRO,Sub-Saharan Africa,Africa,2018,2024,6,6,100,TRUE,Tropical dry forest,13,Aw,Aw,A,27.456167221069336,529,0.2519,Semi-arid
ZA-BfK,EFTEON SAEON;European Fluxes Database,OSH,Sub-Saharan Africa,Africa,2020,2024,4,4,100,FALSE,Tropical desert,15,Bsh,Bs,B,18.048166275024418,440,0.2346,Semi-arid
CD-Ygb,European Fluxes Database;ICOS,MF,Sub-Saharan Africa,Africa,2020,2024,4,3,75,FALSE,Tropical rainforest,11,Af,Af,A,24.28300094604492,1774,1.5046,Humid
BJ-Bfg,Unaffiliated,DBF,Sub-Saharan Africa,Africa,2008,2017,9,3,33.3,TRUE,Tropical moist forest,12,NA,NA,NA,26.533666610717773,1173,0.6861,Humid
SN-Dhr,CarboAfrica;European Fluxes Database;GHG-Europe,GRA,Sub-Saharan Africa,Africa,2010,2022,12,3,25,TRUE,Tropical shrubland,14,Aw,Aw,A,28.160667419433594,387,0.1584,Arid
ZA-BfS,EFTEON SAEON;European Fluxes Database,OSH,Sub-Saharan Africa,Africa,2020,2024,4,2,50,FALSE,Tropical desert,15,Bsh,Bs,B,18.018667221069336,437,0.233,Semi-arid
BJ-Db1,Unaffiliated,CRO,Sub-Saharan Africa,Africa,2022,2024,2,2,100,FALSE,Tropical rainforest,11,NA,NA,NA,27.347333908081055,1194,0.8524,Humid
ZA-Uby,EFTEON SAEON;European Fluxes Database,GRA,Sub-Saharan Africa,Africa,2023,2024,1,1,100,FALSE,Tropical moist forest,12,Aw,Aw,A,22.23200035095215,793,0.5601,Dry sub-humid
ZA-Spk,EFTEON SAEON;European Fluxes Database,GRA,Sub-Saharan Africa,Africa,2023,2024,1,1,100,FALSE,Subtropical mountain system,25,Cwb,Cw,C,17.641332626342773,801,0.5687,Dry sub-humid
ZA-Jks,EFTEON SAEON;European Fluxes Database,GRA,Sub-Saharan Africa,Africa,2024,2024,0,1,NA,FALSE,Subtropical dry forest,22,Csb,Cs,C,15.134833335876465,839,0.6355,Dry sub-humid
ML-Kem,CarboAfrica,WSA,Sub-Saharan Africa,Africa,2007,2009,2,1,50,FALSE,Tropical shrubland,14,Aw,Aw,A,29.992834091186523,306,0.1099,Arid
KE-Mkt,Unaffiliated,CRO,Sub-Saharan Africa,Africa,2019,2024,5,1,20,FALSE,Tropical mountain system,16,Bsh,Bs,B,21.652833938598633,645,0.421,Semi-arid
KE-Kpt,Unaffiliated,GRA,Sub-Saharan Africa,Africa,2018,2024,6,1,16.7,TRUE,Tropical mountain system,16,NA,NA,NA,18.98699951171875,572,0.3797,Semi-arid
BW-Gum,Unaffiliated,WET,Sub-Saharan Africa,Africa,2018,2020,2,1,50,FALSE,Tropical dry forest,13,Bsh,Bs,B,23.19183349609375,462,0.2209,Semi-arid
GH-Ank,CarboAfrica;European Fluxes Database,EBF,Sub-Saharan Africa,Africa,2011,2014,3,1,33.3,FALSE,Tropical rainforest,11,NA,NA,NA,26.374834060668945,1874,1.4441,Humid
US-Ha1,AmeriFlux;LTER;Phenocam,DBF,Northern America,Americas,1991,2025,34,33,97.1,TRUE,Temperate mountain system,35,Dfb,Df,D,7.120166778564453,1103,1.3047,Humid
US-MMS,AmeriFlux;Phenocam,DBF,Northern America,Americas,1999,2023,24,25,104.2,TRUE,Temperate continental forest,32,Cfa,Cf,C,11.230833053588867,1092,1.0892,Humid
US-Ton,AmeriFlux;Phenocam,WSA,Northern America,Americas,2001,2025,24,24,100,TRUE,Subtropical mountain system,25,Csa,Cs,C,16.239665985107422,623,0.4123,Semi-arid
US-Ne1,AmeriFlux,CRO,Northern America,Americas,2001,2024,23,23,100,TRUE,Temperate steppe,33,Dfa,Df,D,10.27483367919922,799,0.6666,Humid
CA-Mer,AmeriFlux;Fluxnet-Canada;Phenocam,WET,Northern America,Americas,1998,2020,22,22,100,FALSE,Temperate continental forest,32,Dfb,Df,D,5.511833667755127,943,1.2047,Humid
US-Ne3,AmeriFlux,CRO,Northern America,Americas,2001,2024,23,22,95.7,FALSE,Temperate steppe,33,Dfa,Df,D,10.188833236694336,797,0.6652,Humid
US-SRM,AmeriFlux;LTAR;Phenocam,WSA,Northern America,Americas,2004,2025,21,22,104.8,FALSE,Subtropical desert,24,BSk,BS,B,18.298166275024418,474,0.2203,Semi-arid
US-Ne2,AmeriFlux,CRO,Northern America,Americas,2001,2024,23,21,91.3,TRUE,Temperate steppe,33,Dfa,Df,D,10.27483367919922,799,0.6686,Humid
US-CMW,AmeriFlux,DBF,Northern America,Americas,2001,2021,20,19,95,FALSE,Subtropical desert,24,Bsh,Bs,B,17.609832763671875,352,0.1689,Arid
US-Seg,AmeriFlux;Phenocam,GRA,Northern America,Americas,2007,2025,18,19,105.6,FALSE,Subtropical steppe,23,BSk,BS,B,13.015666961669922,255,0.1365,Arid
US-Ses,AmeriFlux;Phenocam,OSH,Northern America,Americas,2007,2025,18,18,100,FALSE,Subtropical steppe,23,BSk,BS,B,13.021499633789062,248,0.1376,Arid
CA-TP3,AmeriFlux;Fluxnet-Canada;Phenocam,ENF,Northern America,Americas,2002,2023,21,17,81,FALSE,Temperate continental forest,32,Dfb,Df,D,8.348166465759277,970,1.1678,Humid
US-Mpj,AmeriFlux;Phenocam,WSA,Northern America,Americas,2008,2025,17,17,100,FALSE,Subtropical steppe,23,BSk,BS,B,10.354666709899902,407,0.2602,Semi-arid
US-NC2,AmeriFlux;Phenocam;USCCC,ENF,Northern America,Americas,2005,2025,20,17,85,FALSE,Subtropical humid forest,21,Cfa,Cf,C,15.92650032043457,1252,1.0509,Humid
US-SP1,AmeriFlux;Phenocam,ENF,Northern America,Americas,2000,2020,20,17,85,FALSE,Subtropical humid forest,21,Cfa,Cf,C,20.277332305908203,1307,0.9545,Humid
US-SRG,AmeriFlux;LTAR;Phenocam,GRA,Northern America,Americas,2008,2025,17,17,100,FALSE,Subtropical desert,24,BSk,BS,B,15.82900047302246,566,0.2682,Semi-arid
US-Vcp,AmeriFlux,ENF,Northern America,Americas,2007,2025,18,17,94.4,FALSE,Temperate mountain system,35,Dfb,Df,D,5.887499809265137,597,0.4906,Semi-arid
US-ICh,AmeriFlux;Phenocam,OSH,Northern America,Americas,2007,2025,18,16,88.9,FALSE,Polar,50,ET,ET,E,-10.105667114257812,243,0.6408,Dry sub-humid
US-MBP,AmeriFlux;Phenocam,WET,Northern America,Americas,2009,2024,15,16,106.7,FALSE,Temperate continental forest,32,NA,NA,NA,3.5939998626708984,695,0.8926,Humid
US-MOz,AmeriFlux;Phenocam,DBF,Northern America,Americas,2004,2021,17,16,94.1,FALSE,Temperate continental forest,32,Cfa,Cf,C,12.454333305358888,1013,0.8584,Humid
US-UMd,AmeriFlux;Phenocam,DBF,Northern America,Americas,2007,2025,18,16,88.9,FALSE,Temperate continental forest,32,Dfb,Df,D,6.20283317565918,793,0.9565,Humid
US-Vcm,AmeriFlux,ENF,Northern America,Americas,2007,2025,18,16,88.9,FALSE,Temperate mountain system,35,Dfb,Df,D,4.03249979019165,700,0.6756,Humid
US-Wjs,AmeriFlux,SAV,Northern America,Americas,2007,2025,18,16,88.9,FALSE,Subtropical steppe,23,BSk,BS,B,11.366832733154297,344,0.208,Semi-arid
US-Bar,AmeriFlux;Phenocam,DBF,Northern America,Americas,2004,2023,19,15,78.9,FALSE,Temperate mountain system,35,Dfb,Df,D,5.93316650390625,1233,1.53,Humid
US-Esm,AmeriFlux;LTER,WET,Northern America,Americas,2008,2024,16,15,93.8,FALSE,Tropical moist forest,12,NA,NA,NA,24.184833526611328,1405,0.8616,Humid
US-ICs,AmeriFlux;Phenocam,WET,Northern America,Americas,2007,2025,18,15,83.3,FALSE,Polar,50,ET,ET,E,-10.105667114257812,243,0.6384,Dry sub-humid
US-Kon,AmeriFlux;Phenocam,GRA,Northern America,Americas,2004,2019,15,15,100,FALSE,Temperate steppe,33,Cfa,Cf,C,12.270666122436523,892,0.6636,Humid
CA-TP1,AmeriFlux;Fluxnet-Canada;Phenocam,ENF,Northern America,Americas,2002,2023,21,14,66.7,FALSE,Temperate continental forest,32,Dfb,Df,D,8.35966682434082,986,1.1596,Humid
US-GLE,AmeriFlux,ENF,Northern America,Americas,2005,2020,15,14,93.3,FALSE,Temperate mountain system,35,Dfc,Df,D,0.48866668343544006,510,0.5159,Dry sub-humid
US-Myb,AmeriFlux;Phenocam,WET,Northern America,Americas,2010,2025,15,14,93.3,FALSE,Subtropical dry forest,22,Csa,Cs,C,15.392166137695312,356,0.2388,Semi-arid
CA-Ca1,AmeriFlux;Fluxnet-Canada,ENF,Northern America,Americas,1997,2010,13,13,100,FALSE,Temperate oceanic forest,31,Cfb,Cf,C,7.419333457946777,1692,2.3803,Humid
US-Me6,AmeriFlux;Phenocam,ENF,Northern America,Americas,2010,2025,15,13,86.7,FALSE,Temperate mountain system,35,Csb,Cs,C,7.504666805267334,537,0.4821,Semi-arid
US-Ro1,AmeriFlux;Phenocam,CRO,Northern America,Americas,2004,2016,12,13,108.3,FALSE,Temperate steppe,33,Dfa,Df,D,7.046999931335449,768,0.8214,Humid
US-Rpf,AmeriFlux,DBF,Northern America,Americas,2008,2024,16,13,81.2,FALSE,Boreal mountain system,43,Dwc,Dw,D,-3.257499933242798,321,0.5776,Dry sub-humid
CA-TPD,AmeriFlux;Fluxnet-Canada;Phenocam,DBF,Northern America,Americas,2012,2023,11,12,109.1,FALSE,Temperate continental forest,32,Dfb,Df,D,8.35966682434082,986,1.1644,Humid
US-ChR,AmeriFlux;Phenocam,DBF,Northern America,Americas,2006,2019,13,12,92.3,FALSE,Temperate mountain system,35,Cfa,Cf,C,13.952666282653809,1241,1.1844,Humid
US-Elm,AmeriFlux;LTER,WET,Northern America,Americas,2008,2024,16,12,75,FALSE,Tropical moist forest,12,NA,NA,NA,24.142166137695312,1343,0.8204,Humid
US-BZB,AmeriFlux,WET,Northern America,Americas,2011,2025,14,11,78.6,FALSE,Boreal tundra woodland,42,Dfd,Df,D,-2.685499906539917,294,0.5607,Dry sub-humid
US-Jo1,AmeriFlux;LTER,OSH,Northern America,Americas,2010,2022,12,11,91.7,FALSE,Subtropical desert,24,Bwk,Bw,B,15.01200008392334,283,0.1461,Arid
US-KFS,AmeriFlux;Phenocam,GRA,Northern America,Americas,2007,2019,12,11,91.7,FALSE,Temperate steppe,33,Cfa,Cf,C,12.352499961853027,996,0.7911,Humid
US-MtB,AmeriFlux,ENF,Northern America,Americas,2009,2024,15,11,73.3,FALSE,Subtropical desert,24,Dwb,Dw,D,11.631166458129885,717,0.474,Semi-arid
US-Ro4,AmeriFlux;Phenocam,GRA,Northern America,Americas,2014,2025,11,11,100,FALSE,Temperate steppe,33,Dfa,Df,D,6.932666778564453,766,0.8318,Humid
US-Tw4,AmeriFlux;Phenocam,WET,Northern America,Americas,2013,2024,11,11,100,FALSE,Subtropical dry forest,22,Csa,Cs,C,15.347167015075684,370,0.2593,Semi-arid
CA-Ca2,AmeriFlux;Fluxnet-Canada,ENF,Northern America,Americas,2000,2010,10,10,100,FALSE,Temperate oceanic forest,31,Cfb,Cf,C,8.69083309173584,1587,2.2007,Humid
CA-Gro,AmeriFlux;Fluxnet-Canada;Phenocam,MF,Northern America,Americas,2003,2014,11,10,90.9,FALSE,Temperate continental forest,32,Dfb,Df,D,1.3513332605361938,740,1.128,Humid
US-ICt,AmeriFlux;Phenocam,OSH,Northern America,Americas,2007,2025,18,10,55.6,FALSE,Polar,50,ET,ET,E,-10.105667114257812,243,0.6386,Dry sub-humid
US-Oho,AmeriFlux;USCCC,DBF,Northern America,Americas,2004,2013,9,10,111.1,FALSE,Temperate continental forest,32,Dfa,Df,D,9.459833145141602,855,0.8818,Humid
US-Tw1,AmeriFlux;Phenocam,WET,Northern America,Americas,2011,2023,12,10,83.3,FALSE,Subtropical dry forest,22,Csa,Cs,C,15.347167015075684,370,0.2597,Semi-arid
CA-Man,AmeriFlux;Fluxnet-Canada,ENF,Northern America,Americas,1994,2008,14,9,64.3,FALSE,Boreal coniferous forest,41,Dfc,Df,D,-3.0783333778381348,509,0.853,Humid
US-Ced,AmeriFlux,CSH,Northern America,Americas,2005,2014,9,9,100,FALSE,Temperate continental forest,32,Cfa,Cf,C,11.527166366577148,1147,1.1082,Humid
CA-DBB,AmeriFlux,WET,Northern America,Americas,2015,2024,9,8,88.9,FALSE,Temperate oceanic forest,31,Csb,Cs,C,10.346969604492188,1469,1.8238,Humid
US-Bi1,AmeriFlux;Phenocam,CRO,Northern America,Americas,2016,2024,8,8,100,FALSE,Subtropical dry forest,22,Csa,Cs,C,15.486000061035156,386,0.2666,Semi-arid
US-EML,AmeriFlux;LTER,OSH,Northern America,Americas,2008,2023,15,8,53.3,FALSE,Boreal mountain system,43,ET,ET,E,-3.3531668186187744,424,0.8533,Humid
US-Mo1,AmeriFlux;LTAR;Phenocam,CRO,Northern America,Americas,2015,2024,9,8,88.9,FALSE,Temperate steppe,33,Cfa,Cf,C,11.879833221435549,1014,0.8685,Humid
US-Ro5,AmeriFlux;Phenocam,CRO,Northern America,Americas,2017,2024,7,8,114.3,FALSE,Temperate steppe,33,Dfa,Df,D,6.932666778564453,766,0.8294,Humid
US-Ro6,AmeriFlux;Phenocam,CRO,Northern America,Americas,2017,2024,7,8,114.3,FALSE,Temperate steppe,33,Dfa,Df,D,6.932666778564453,766,0.8323,Humid
US-Rwf,AmeriFlux;LTAR,CSH,Northern America,Americas,2014,2023,9,8,88.9,FALSE,Temperate desert,34,Bsh,Bs,B,5.72866678237915,449,0.3699,Semi-arid
US-Rws,AmeriFlux;LTAR;Phenocam,OSH,Northern America,Americas,2014,2023,9,8,88.9,FALSE,Temperate desert,34,BSk,BS,B,8.45633316040039,309,0.2529,Semi-arid
GF-Guy,European Fluxes Database;ICOS,EBF,Latin America and the Caribbean,Americas,2017,2024,7,8,114.3,FALSE,Tropical rainforest,11,Af,Af,A,25.73900032043457,2796,2.0544,Humid
BR-Ma2,AmeriFlux;LBA,EBF,Latin America and the Caribbean,Americas,1999,2016,17,7,41.2,FALSE,Tropical rainforest,11,Af,Af,A,26.437166213989254,2352,1.9752,Humid
BR-Sa1,AmeriFlux;LBA,EBF,Latin America and the Caribbean,Americas,2002,2011,9,7,77.8,FALSE,Tropical rainforest,11,Am,Am,A,25.62150001525879,1868,1.6127,Humid
CA-Qfo,AmeriFlux;Fluxnet-Canada;Phenocam,ENF,Northern America,Americas,2003,2010,7,7,100,FALSE,Boreal coniferous forest,41,Dfc,Df,D,-0.298666775226593,983,1.6927,Humid
CL-SDP,AmeriFlux,WET,Latin America and the Caribbean,Americas,2014,2021,7,7,100,FALSE,Temperate oceanic forest,31,Cfb,Cf,C,10.689332962036133,2354,3.7791,Humid
US-Bi2,AmeriFlux;Phenocam,CRO,Northern America,Americas,2017,2025,8,7,87.5,FALSE,Subtropical dry forest,22,Csa,Cs,C,15.485166549682615,379,0.2649,Semi-arid
US-Dk2,AmeriFlux;Phenocam,DBF,Northern America,Americas,2001,2008,7,7,100,FALSE,Subtropical humid forest,21,Cfa,Cf,C,14.780500411987305,1165,0.9923,Humid
US-MN1,AmeriFlux,CRO,Northern America,Americas,2017,2024,7,7,100,FALSE,Temperate steppe,33,Dwb,Dw,D,6.076666831970215,598,0.6215,Dry sub-humid
US-MN2,AmeriFlux,CRO,Northern America,Americas,2017,2024,7,7,100,FALSE,Temperate steppe,33,Dwb,Dw,D,6.066500186920166,597,0.621,Dry sub-humid
US-Mo3,AmeriFlux;LTAR;Phenocam,CRO,Northern America,Americas,2016,2023,7,7,100,FALSE,Temperate steppe,33,Cfa,Cf,C,11.886333465576172,1017,0.868,Humid
US-NC1,AmeriFlux;USCCC,ENF,Northern America,Americas,2005,2012,7,7,100,FALSE,Subtropical humid forest,21,Cfa,Cf,C,15.920666694641112,1248,1.0539,Humid
US-Rls,AmeriFlux;LTAR;Phenocam,CSH,Northern America,Americas,2014,2023,9,7,77.8,FALSE,Temperate desert,34,Bsh,Bs,B,7.153166770935059,375,0.2951,Semi-arid
US-Rms,AmeriFlux;LTAR;Phenocam,CSH,Northern America,Americas,2014,2023,9,7,77.8,FALSE,Temperate desert,34,Bsh,Bs,B,5.204500198364258,448,0.4286,Semi-arid
US-SRS,AmeriFlux,WSA,Northern America,Americas,2011,2018,7,7,100,FALSE,Subtropical desert,24,BSk,BS,B,18.298166275024418,474,0.2248,Semi-arid
US-Twt,AmeriFlux;Phenocam,CRO,Northern America,Americas,2009,2017,8,7,87.5,FALSE,Subtropical dry forest,22,Csa,Cs,C,15.347167015075684,370,0.2604,Semi-arid
CA-ARF,AmeriFlux,WET,Northern America,Americas,2011,2024,13,6,46.2,FALSE,Boreal tundra woodland,42,Dfb,Df,D,-1.956666588783264,625,1.1267,Humid
US-BZo,AmeriFlux,WET,Northern America,Americas,2018,2025,7,6,85.7,FALSE,Boreal tundra woodland,42,Dfd,Df,D,-2.685499906539917,294,0.5639,Dry sub-humid
US-Dk1,AmeriFlux,GRA,Northern America,Americas,2001,2008,7,6,85.7,FALSE,Subtropical humid forest,21,Cfa,Cf,C,14.780500411987305,1165,0.991,Humid
US-Dk3,AmeriFlux,ENF,Northern America,Americas,2001,2008,7,6,85.7,FALSE,Subtropical humid forest,21,Cfa,Cf,C,14.780500411987305,1165,0.9898,Humid
US-HB1,AmeriFlux;Phenocam,WET,Northern America,Americas,2018,2024,6,6,100,FALSE,Subtropical humid forest,21,Cfa,Cf,C,17.937334060668945,1372,0.9844,Humid
US-HB2,AmeriFlux;Phenocam,ENF,Northern America,Americas,2018,2024,6,6,100,FALSE,Subtropical humid forest,21,Cfa,Cf,C,17.975595474243164,1370,0.9695,Humid
US-HB3,AmeriFlux;Phenocam,ENF,Northern America,Americas,2019,2024,5,6,120,FALSE,Subtropical humid forest,21,Cfa,Cf,C,18.011333465576172,1370,0.971,Humid
US-Mo2,AmeriFlux;LTAR;Phenocam,GRA,Northern America,Americas,2018,2024,6,6,100,FALSE,Temperate steppe,33,Cfa,Cf,C,12.022832870483398,1018,0.8714,Humid
US-NC3,AmeriFlux;USCCC,ENF,Northern America,Americas,2013,2021,8,6,75,FALSE,Subtropical humid forest,21,Cfa,Cf,C,15.9399995803833,1254,1.0499,Humid
US-ONA,AmeriFlux;LTAR,GRA,Northern America,Americas,2016,2022,6,6,100,FALSE,Subtropical humid forest,21,Cfa,Cf,C,22.416500091552734,1285,0.8437,Humid
US-Prr,AmeriFlux,ENF,Northern America,Americas,2010,2022,12,6,50,FALSE,Boreal mountain system,43,Dwc,Dw,D,-3.251333475112915,319,0.5956,Dry sub-humid
US-UiE,AmeriFlux,CRO,Northern America,Americas,2018,2024,6,6,100,FALSE,Temperate steppe,33,Dfa,Df,D,11.01550006866455,1015,0.969,Humid
US-xAE,AmeriFlux;NEON;Phenocam,GRA,Northern America,Americas,2019,2024,5,6,120,FALSE,Temperate steppe,33,Cfa,Cf,C,15.57883358001709,700,0.4018,Semi-arid
US-xDC,AmeriFlux;NEON;Phenocam,GRA,Northern America,Americas,2019,2024,5,6,120,FALSE,Temperate steppe,33,Dfb,Df,D,4.4170002937316895,438,0.4338,Semi-arid
US-xJR,AmeriFlux;NEON;Phenocam,OSH,Northern America,Americas,2019,2024,5,6,120,FALSE,Subtropical desert,24,BSk,BS,B,15.180500030517578,273,0.1381,Arid
US-xKZ,AmeriFlux;NEON;Phenocam,GRA,Northern America,Americas,2019,2024,5,6,120,FALSE,Temperate steppe,33,Cfa,Cf,C,12.350500106811523,892,0.6605,Humid
US-xSP,AmeriFlux;NEON;Phenocam,ENF,Northern America,Americas,2019,2024,5,6,120,FALSE,Subtropical mountain system,25,Csa,Cs,C,13.296833038330078,842,0.5069,Dry sub-humid
US-xUN,AmeriFlux;NEON;Phenocam,MF,Northern America,Americas,2019,2024,5,6,120,FALSE,Temperate continental forest,32,Dfb,Df,D,3.874333381652832,843,1.1218,Humid
US-xWR,AmeriFlux;NEON;Phenocam,ENF,Northern America,Americas,2019,2024,5,6,120,FALSE,Temperate mountain system,35,Csb,Cs,C,9.051833152770996,1966,2.2241,Humid
AR-CCa,AmeriFlux,CRO,Latin America and the Caribbean,Americas,2012,2020,8,5,62.5,FALSE,Subtropical humid forest,21,Cfa,Cf,C,15.910833358764648,1018,0.7807,Humid
CA-ARB,AmeriFlux,WET,Northern America,Americas,2011,2024,13,5,38.5,FALSE,Boreal tundra woodland,42,Dfb,Df,D,-1.956666588783264,625,1.1386,Humid
CA-DB2,AmeriFlux,WET,Northern America,Americas,2019,2024,5,5,100,FALSE,Temperate oceanic forest,31,NA,NA,NA,10.209833145141602,1342,1.7744,Humid
CA-KLP,AmeriFlux,WET,Northern America,Americas,2011,2020,9,5,55.6,FALSE,Boreal tundra woodland,42,Dfb,Df,D,-0.9313332438468932,648,1.1069,Humid
US-CdM,AmeriFlux,WSA,Northern America,Americas,2019,2024,5,5,100,FALSE,Temperate desert,34,BSk,BS,B,10.793499946594238,297,0.2059,Semi-arid
US-Fmf,AmeriFlux,ENF,Northern America,Americas,2005,2010,5,5,100,FALSE,Subtropical mountain system,25,Csb,Cs,C,7.339333534240723,561,0.3899,Semi-arid
US-Fwf,AmeriFlux,GRA,Northern America,Americas,2005,2010,5,5,100,FALSE,Subtropical mountain system,25,Csb,Cs,C,6.188666820526123,526,0.3606,Semi-arid
US-StJ,AmeriFlux;Phenocam,WET,Northern America,Americas,2015,2020,5,5,100,FALSE,Subtropical humid forest,21,Cfa,Cf,C,12.9375,1133,0.9861,Humid
US-TKs,AmeriFlux,CSH,Northern America,Americas,2018,2025,7,5,71.4,FALSE,Polar,50,ET,ET,E,-9.70699977874756,236,0.6315,Dry sub-humid
US-UC1,AmeriFlux;LTAR,CVM,Northern America,Americas,2019,2024,5,5,100,FALSE,Temperate mountain system,35,Dfb,Df,D,9.146166801452637,1010,1.075,Humid
US-UC2,AmeriFlux;LTAR,CVM,Northern America,Americas,2019,2024,5,5,100,FALSE,Temperate mountain system,35,Dfb,Df,D,9.171500205993652,1009,1.0737,Humid
US-UiG,AmeriFlux,CRO,Northern America,Americas,2018,2023,5,5,100,FALSE,Temperate steppe,33,Dfa,Df,D,11.01550006866455,1015,0.969,Humid
US-xBN,AmeriFlux;NEON;Phenocam,ENF,Northern America,Americas,2019,2024,5,5,100,FALSE,Boreal mountain system,43,Dwc,Dw,D,-3.0421664714813232,329,0.6123,Dry sub-humid
US-xBR,AmeriFlux;NEON;Phenocam,DBF,Northern America,Americas,2019,2024,5,5,100,FALSE,Temperate mountain system,35,Dfb,Df,D,5.93316650390625,1233,1.53,Humid
US-xCL,AmeriFlux;NEON;Phenocam,GRA,Northern America,Americas,2019,2024,5,5,100,FALSE,Subtropical steppe,23,Cfa,Cf,C,17.453500747680664,870,0.5385,Dry sub-humid
US-xDJ,AmeriFlux;NEON;Phenocam,ENF,Northern America,Americas,2019,2024,5,5,100,FALSE,Boreal tundra woodland,42,Dfc,Df,D,-2.9761667251586914,290,0.5515,Dry sub-humid
US-xJE,AmeriFlux;NEON;Phenocam,ENF,Northern America,Americas,2019,2024,5,5,100,FALSE,Subtropical humid forest,21,Cfa,Cf,C,19.14583396911621,1355,0.9684,Humid
US-xRN,AmeriFlux;NEON;Phenocam,DBF,Northern America,Americas,2019,2024,5,5,100,FALSE,Temperate mountain system,35,Cfa,Cf,C,13.898833274841309,1220,1.1561,Humid
US-xSE,AmeriFlux;NEON;Phenocam,DBF,Northern America,Americas,2019,2024,5,5,100,FALSE,Subtropical humid forest,21,Cfa,Cf,C,13.169333457946776,1104,0.9422,Humid
US-xSL,AmeriFlux;NEON,CRO,Northern America,Americas,2019,2024,5,5,100,FALSE,Temperate steppe,33,BSk,BS,B,9.370166778564451,429,0.2852,Semi-arid
US-xST,AmeriFlux;NEON;Phenocam,DBF,Northern America,Americas,2019,2024,5,5,100,FALSE,Temperate continental forest,32,Dfb,Df,D,4.688666820526123,803,1.0541,Humid
US-xTR,AmeriFlux;NEON;Phenocam,DBF,Northern America,Americas,2019,2024,5,5,100,FALSE,Temperate continental forest,32,Dfb,Df,D,4.76200008392334,803,1.053,Humid
US-xUK,AmeriFlux;NEON;Phenocam,DBF,Northern America,Americas,2019,2024,5,5,100,FALSE,Temperate steppe,33,Cfa,Cf,C,12.547499656677246,998,0.7873,Humid
US-xWD,AmeriFlux;NEON;Phenocam,GRA,Northern America,Americas,2019,2024,5,5,100,FALSE,Temperate steppe,33,Dfb,Df,D,4.3398332595825195,423,0.4179,Semi-arid
GL-Dsk,European Fluxes Database;ICOS,OSH,Northern America,Americas,2020,2024,4,5,125,FALSE,Polar,50,ET,ET,E,-6.326333522796631,424,1.5062,Humid
CR-AqC,Unaffiliated,EBF,Latin America and the Caribbean,Americas,2009,2016,7,5,71.4,FALSE,Tropical rainforest,11,Af,Af,A,20.276500701904297,3307,2.4625,Humid
BR-Ji3,AmeriFlux;LBA,EBF,Latin America and the Caribbean,Americas,2004,2010,6,4,66.7,FALSE,Tropical rainforest,11,Am,Am,A,24.715333938598633,2083,1.8476,Humid
CL-SDF,AmeriFlux,EBF,Latin America and the Caribbean,Americas,2014,2021,7,4,57.1,FALSE,Temperate oceanic forest,31,Cfb,Cf,C,10.725500106811523,2409,3.7939,Humid
CR-Fsc,AmeriFlux,CRO,Latin America and the Caribbean,Americas,2015,2018,3,4,133.3,FALSE,Tropical moist forest,12,Aw,Aw,A,27.564666748046875,1824,0.9541,Humid
MX-Tes,AmeriFlux;MexFlux,DBF,Latin America and the Caribbean,Americas,2004,2008,4,4,100,FALSE,Tropical dry forest,13,Bsh,Bs,B,22.75500106811523,676,0.3627,Semi-arid
US-DFC,AmeriFlux,CRO,Northern America,Americas,2018,2024,6,4,66.7,FALSE,Temperate continental forest,32,Dfb,Df,D,7.320833206176758,799,0.8886,Humid
US-Dmg,AmeriFlux,WET,Northern America,Americas,2021,2025,4,4,100,FALSE,Subtropical dry forest,22,Csa,Cs,C,15.386333465576172,334,0.2252,Semi-arid
US-EDN,AmeriFlux,WET,Northern America,Americas,2018,2024,6,4,66.7,FALSE,Subtropical mountain system,25,Csa,Cs,C,14.83316707611084,398,0.3143,Semi-arid
US-Fuf,AmeriFlux,ENF,Northern America,Americas,2005,2010,5,4,80,FALSE,Subtropical mountain system,25,Csb,Cs,C,7.191666603088379,580,0.4035,Semi-arid
US-HB4,AmeriFlux;Phenocam,WET,Northern America,Americas,2020,2024,4,4,100,FALSE,Subtropical humid forest,21,Cfa,Cf,C,18.128334045410156,1350,0.9694,Humid
US-Hsm,AmeriFlux;Phenocam,WET,Northern America,Americas,2021,2025,4,4,100,FALSE,Subtropical dry forest,22,Csa,Cs,C,15.496500015258787,546,0.3639,Semi-arid
US-IAC,AmeriFlux,CRO,Northern America,Americas,2019,2024,5,4,80,FALSE,Temperate steppe,33,Dfa,Df,D,8.972833633422852,851,0.8207,Humid
US-LS1,AmeriFlux,GRA,Northern America,Americas,2003,2007,4,4,100,FALSE,Subtropical desert,24,Bwh,Bw,B,17.4461669921875,359,0.1755,Arid
US-MN3,AmeriFlux,CRO,Northern America,Americas,2020,2024,4,4,100,FALSE,Temperate steppe,33,Dwb,Dw,D,6.076666831970215,598,0.6199,Dry sub-humid
US-RC1,AmeriFlux;LTAR,CRO,Northern America,Americas,2011,2016,5,4,80,FALSE,Temperate desert,34,Dsb,Ds,D,8.233333587646484,611,0.6149,Dry sub-humid
US-Sne,AmeriFlux;Phenocam,GRA,Northern America,Americas,2016,2020,4,4,100,FALSE,Subtropical dry forest,22,Csa,Cs,C,15.565000534057615,340,0.2345,Semi-arid
US-Tw3,AmeriFlux;Phenocam,CRO,Northern America,Americas,2013,2018,5,4,80,FALSE,Subtropical dry forest,22,Csa,Cs,C,15.347167015075684,370,0.2591,Semi-arid
US-UiF,AmeriFlux,CRO,Northern America,Americas,2018,2023,5,4,80,FALSE,Temperate steppe,33,Dfa,Df,D,11.01550006866455,1015,0.969,Humid
US-xBL,AmeriFlux;NEON;Phenocam,DBF,Northern America,Americas,2019,2024,5,4,80,FALSE,Temperate mountain system,35,Cfa,Cf,C,12.042333602905272,991,0.9364,Humid
US-xDL,AmeriFlux;NEON;Phenocam,MF,Northern America,Americas,2019,2024,5,4,80,FALSE,Subtropical humid forest,21,Cfa,Cf,C,17.715166091918945,1402,1.0721,Humid
US-xDS,AmeriFlux;NEON;Phenocam,CVM,Northern America,Americas,2019,2024,5,4,80,FALSE,Subtropical humid forest,21,Cfa,Cf,C,22.336666107177734,1221,0.7898,Humid
US-xHE,AmeriFlux;NEON;Phenocam,OSH,Northern America,Americas,2019,2024,5,4,80,FALSE,Boreal mountain system,43,ET,ET,E,-3.320000171661377,419,0.8396,Humid
US-xMB,AmeriFlux;NEON;Phenocam,OSH,Northern America,Americas,2019,2024,5,4,80,FALSE,Temperate desert,34,BSk,BS,B,10.375166893005373,306,0.2144,Semi-arid
US-xML,AmeriFlux;NEON;Phenocam,DBF,Northern America,Americas,2019,2024,5,4,80,FALSE,Temperate mountain system,35,Dfb,Df,D,8.999833106994629,1122,1.2264,Humid
US-xNG,AmeriFlux;NEON;Phenocam,GRA,Northern America,Americas,2019,2024,5,4,80,FALSE,Temperate steppe,33,Dfb,Df,D,5.717833518981934,428,0.3866,Semi-arid
US-xNQ,AmeriFlux;NEON;Phenocam,OSH,Northern America,Americas,2019,2024,5,4,80,FALSE,Temperate desert,34,Dfb,Df,D,9.414833068847656,297,0.198,Arid
US-xRM,AmeriFlux;NEON;Phenocam,ENF,Northern America,Americas,2019,2024,5,4,80,FALSE,Temperate mountain system,35,Dfc,Df,D,2.120833396911621,548,0.4365,Semi-arid
US-xSB,AmeriFlux;NEON;Phenocam,ENF,Northern America,Americas,2019,2024,5,4,80,FALSE,Subtropical humid forest,21,Cfa,Cf,C,20.502832412719727,1290,0.9361,Humid
US-xSC,AmeriFlux;NEON;Phenocam,DBF,Northern America,Americas,2019,2024,5,4,80,FALSE,Temperate mountain system,35,Cfa,Cf,C,11.679166793823242,1027,1.0045,Humid
US-xSJ,AmeriFlux;NEON,SAV,Northern America,Americas,2019,2024,5,4,80,FALSE,Subtropical mountain system,25,Csa,Cs,C,16.665000915527344,542,0.3218,Semi-arid
US-xTE,AmeriFlux;NEON,ENF,Northern America,Americas,2019,2024,5,4,80,FALSE,Subtropical mountain system,25,Csa,Cs,C,6.171666622161865,831,0.6198,Dry sub-humid
US-xTL,AmeriFlux;NEON;Phenocam,WET,Northern America,Americas,2019,2024,5,4,80,FALSE,Polar,50,ET,ET,E,-10,239,0.6341,Dry sub-humid
AR-CCg,AmeriFlux,GRA,Latin America and the Caribbean,Americas,2018,2024,6,3,50,FALSE,Subtropical humid forest,21,Cfa,Cf,C,15.803500175476074,1004,0.7667,Humid
BR-ITA,AmeriFlux,EBF,Latin America and the Caribbean,Americas,2020,2024,4,3,75,FALSE,Tropical moist forest,12,Cfa,Cf,C,19.11566734313965,1279,1.0764,Humid
BR-Sa3,AmeriFlux,EBF,Latin America and the Caribbean,Americas,2000,2004,4,3,75,FALSE,Tropical rainforest,11,Am,Am,A,25.549833297729492,1852,1.5936,Humid
CA-CF3,AmeriFlux,WET,Northern America,Americas,2022,2025,3,3,100,FALSE,Boreal tundra woodland,42,Dfc,Df,D,-6.677000045776367,417,0.986,Humid
CA-DSM,AmeriFlux,WET,Northern America,Americas,2021,2024,3,3,100,FALSE,Temperate oceanic forest,31,Csb,Cs,C,10.187137603759766,1464,1.7831,Humid
CA-TPA,AmeriFlux,CRO,Northern America,Americas,2020,2023,3,3,100,FALSE,Temperate continental forest,32,NA,NA,NA,8.348166465759277,970,1.1646,Humid
PE-QFR,AmeriFlux,WET,Latin America and the Caribbean,Americas,2018,2022,4,3,75,FALSE,Tropical rainforest,11,Af,Af,A,26.167667388916016,2705,2.5726,Humid
US-CF1,AmeriFlux;LTAR;Phenocam,CRO,Northern America,Americas,2017,2021,4,3,75,FALSE,Temperate desert,34,Dsb,Ds,D,8.233333587646484,611,0.6109,Dry sub-humid
US-CF2,AmeriFlux;LTAR;Phenocam,CRO,Northern America,Americas,2017,2020,3,3,100,FALSE,Temperate desert,34,Dsb,Ds,D,8.321499824523926,583,0.6077,Dry sub-humid
US-CGG,AmeriFlux,GRA,Northern America,Americas,2019,2024,5,3,60,FALSE,Subtropical mountain system,25,Csa,Cs,C,15.511500358581545,507,0.3377,Semi-arid
US-Cop,AmeriFlux,GRA,Northern America,Americas,2001,2007,6,3,50,FALSE,Temperate desert,34,NA,NA,NA,9.607999801635742,330,0.234,Semi-arid
US-CRT,AmeriFlux;Phenocam,CRO,Northern America,Americas,2011,2013,2,3,150,FALSE,Temperate continental forest,32,Dfa,Df,D,9.742666244506836,854,0.8537,Humid
US-Dix,AmeriFlux,MF,Northern America,Americas,2005,2008,3,3,100,FALSE,Temperate continental forest,32,Cfa,Cf,C,11.530333518981934,1153,1.106,Humid
US-DPW,AmeriFlux,WET,Northern America,Americas,2013,2016,3,3,100,FALSE,Subtropical humid forest,21,Cwa,Cw,C,22.29283332824707,1223,0.7954,Humid
US-DS3,AmeriFlux;Phenocam,CRO,Northern America,Americas,2021,2025,4,3,75,FALSE,Subtropical dry forest,22,Csa,Cs,C,15.436333656311035,373,0.2687,Semi-arid
US-HBK,AmeriFlux,DBF,Northern America,Americas,2016,2024,8,3,37.5,FALSE,Temperate mountain system,35,Dfb,Df,D,5.324666500091553,1152,1.3628,Humid
US-HRA,AmeriFlux;Phenocam,CRO,Northern America,Americas,2015,2024,9,3,33.3,FALSE,Subtropical humid forest,21,Cfa,Cf,C,16.70866584777832,1289,0.9822,Humid
US-IAB,AmeriFlux,CRO,Northern America,Americas,2019,2024,5,3,60,FALSE,Temperate steppe,33,Dfa,Df,D,8.942333221435547,849,0.8195,Humid
US-IAM,AmeriFlux,CRO,Northern America,Americas,2019,2024,5,3,60,FALSE,Temperate steppe,33,Dfa,Df,D,8.972833633422852,851,0.8207,Humid
US-KPL,AmeriFlux,WET,Northern America,Americas,2021,2024,3,3,100,FALSE,Boreal mountain system,43,Dfc,Df,D,2.2960000038146973,850,1.7762,Humid
US-KS2,AmeriFlux,CSH,Northern America,Americas,2003,2006,3,3,100,FALSE,Subtropical humid forest,21,Cwa,Cw,C,21.948333740234375,1276,0.8412,Humid
US-Me3,AmeriFlux,ENF,Northern America,Americas,2004,2009,5,3,60,FALSE,Temperate mountain system,35,Csb,Cs,C,7.504666805267334,537,0.4798,Semi-arid
US-RC2,AmeriFlux;LTAR,CRO,Northern America,Americas,2012,2016,4,3,75,FALSE,Temperate desert,34,Dsb,Ds,D,8.233333587646484,611,0.6109,Dry sub-humid
US-RC4,AmeriFlux,CRO,Northern America,Americas,2012,2016,4,3,75,FALSE,Temperate mountain system,35,Dsb,Ds,D,8.036166191101074,678,0.6902,Humid
US-RGo,AmeriFlux;Phenocam,CRO,Northern America,Americas,2021,2024,3,3,100,FALSE,Subtropical dry forest,22,Csa,Cs,C,16.048999786376953,560,0.3599,Semi-arid
US-Ro2,AmeriFlux;Phenocam,CRO,Northern America,Americas,2008,2016,8,3,37.5,FALSE,Temperate steppe,33,Dfa,Df,D,7.046999931335449,768,0.8321,Humid
US-Ro3,AmeriFlux,CRO,Northern America,Americas,2004,2007,3,3,100,FALSE,Temperate steppe,33,Dfa,Df,D,7.046999931335449,768,0.8273,Humid
US-Rwe,AmeriFlux,CSH,Northern America,Americas,2003,2007,4,3,75,FALSE,Temperate desert,34,Bsh,Bs,B,4.895166873931885,463,0.4249,Semi-arid
US-SSH,AmeriFlux;Phenocam,DBF,Northern America,Americas,2016,2021,5,3,60,FALSE,Temperate mountain system,35,Dfb,Df,D,9.743499755859377,989,1.0366,Humid
US-WPT,AmeriFlux,WET,Northern America,Americas,2011,2013,2,3,150,FALSE,Temperate continental forest,32,Dfa,Df,D,9.912333488464355,882,0.8747,Humid
US-xAB,AmeriFlux;NEON;Phenocam,ENF,Northern America,Americas,2019,2024,5,3,60,FALSE,Temperate mountain system,35,Csb,Cs,C,9.129833221435549,2372,2.6287,Humid
US-xCP,AmeriFlux;NEON;Phenocam,GRA,Northern America,Americas,2019,2024,5,3,60,FALSE,Temperate steppe,33,BSk,BS,B,9.084333419799805,367,0.2486,Semi-arid
US-xGR,AmeriFlux;NEON;Phenocam,DBF,Northern America,Americas,2019,2024,5,3,60,FALSE,Temperate mountain system,35,Cfa,Cf,C,12.971500396728516,1367,1.2796,Humid
US-xSR,AmeriFlux;NEON;Phenocam,OSH,Northern America,Americas,2019,2024,5,3,60,FALSE,Subtropical desert,24,BSk,BS,B,19.157499313354492,395,0.1857,Arid
US-xYE,AmeriFlux;NEON,ENF,Northern America,Americas,2019,2024,5,3,60,FALSE,Temperate mountain system,35,Dfc,Df,D,1.496000051498413,590,0.5682,Dry sub-humid
BR-Npw,AmeriFlux,WSA,Latin America and the Caribbean,Americas,2013,2017,4,2,50,FALSE,Tropical moist forest,12,Aw,Aw,A,25.245332717895508,1320,0.9944,Humid
CA-EM1,AmeriFlux,WET,Northern America,Americas,2021,2023,2,2,100,FALSE,Temperate steppe,33,Dfb,Df,D,1.0158334970474243,480,0.6687,Humid
CA-EM2,AmeriFlux,WET,Northern America,Americas,2021,2023,2,2,100,FALSE,Temperate steppe,33,Dfb,Df,D,1.3348332643508911,480,0.6595,Humid
CA-Na1,AmeriFlux;Fluxnet-Canada,ENF,Northern America,Americas,2003,2005,2,2,100,FALSE,Temperate continental forest,32,Dfb,Df,D,3.251166820526123,1147,1.6822,Humid
CA-Qc2,AmeriFlux;Fluxnet-Canada,MF,Northern America,Americas,2007,2010,3,2,66.7,FALSE,Boreal coniferous forest,41,NA,NA,NA,-0.3213333785533905,965,1.6634,Humid
CA-RBM,AmeriFlux,WET,Northern America,Americas,2022,2024,2,2,100,FALSE,NA,NA,Csb,Cs,C,10.431547164916992,1180,1.4918,Humid
CL-ACF,AmeriFlux,ENF,Latin America and the Caribbean,Americas,2018,2020,2,2,100,FALSE,Temperate oceanic forest,31,Cfb,Cf,C,7.387666702270508,1914,2.7265,Humid
MX-Aog,AmeriFlux;MexFlux,DBF,Latin America and the Caribbean,Americas,2016,2018,2,2,100,FALSE,Tropical dry forest,13,Bsh,Bs,B,23.72516632080078,689,0.3655,Semi-arid
PR-xLA,AmeriFlux;NEON;Phenocam,GRA,Latin America and the Caribbean,Americas,2019,2024,5,2,40,FALSE,Tropical moist forest,12,Am,Am,A,26.04716682434082,1047,0.5993,Dry sub-humid
US-AR1,AmeriFlux,GRA,Northern America,Americas,2009,2012,3,2,66.7,FALSE,Temperate steppe,33,Dsa,Ds,D,14.444499969482422,584,0.3371,Semi-arid
US-AR2,AmeriFlux,GRA,Northern America,Americas,2009,2012,3,2,66.7,FALSE,Temperate steppe,33,Dsa,Ds,D,14.230666160583496,600,0.3428,Semi-arid
US-BRG,AmeriFlux,GRA,Northern America,Americas,2017,2020,3,2,66.7,FALSE,Temperate continental forest,32,Cfa,Cf,C,11.516833305358888,1103,1.0571,Humid
US-CRK,AmeriFlux,ENF,Northern America,Americas,2022,2025,3,2,66.7,FALSE,Subtropical humid forest,21,Cfa,Cf,C,18.694334030151367,1080,0.7777,Humid
US-Cst,AmeriFlux,ENF,Northern America,Americas,2013,2017,4,2,50,FALSE,Subtropical humid forest,21,Cfa,Cf,C,17.070833206176758,1409,1.1077,Humid
US-DS2,AmeriFlux,CRO,Northern America,Americas,2020,2023,3,2,66.7,FALSE,Subtropical dry forest,22,Csa,Cs,C,15.47599983215332,392,0.2709,Semi-arid
US-EKH,AmeriFlux;Phenocam,WET,Northern America,Americas,2022,2024,2,2,100,FALSE,Subtropical mountain system,25,Csb,Cs,C,13.777999877929688,553,0.4682,Semi-arid
US-EvM,AmeriFlux;LTER,WET,Northern America,Americas,2020,2023,3,2,66.7,FALSE,Tropical moist forest,12,NA,NA,NA,24.35033416748047,1377,0.8182,Humid
US-HWB,AmeriFlux;LTAR,CVM,Northern America,Americas,2015,2018,3,2,66.7,FALSE,Temperate mountain system,35,Dfb,Df,D,9.40999984741211,1007,1.0654,Humid
US-LA3,AmeriFlux,WET,Northern America,Americas,2019,2023,4,2,50,FALSE,Subtropical humid forest,21,Cfa,Cf,C,20.65999984741211,1557,1.167,Humid
US-MEF,AmeriFlux,ENF,Northern America,Americas,2024,2025,1,2,200,FALSE,Temperate mountain system,35,Dfb,Df,D,5.159999847412109,430,0.3348,Semi-arid
US-RGA,AmeriFlux;Phenocam,CRO,Northern America,Americas,2021,2024,3,2,66.7,FALSE,Subtropical humid forest,21,Cfa,Cf,C,16.84516716003418,1291,0.9781,Humid
US-RGB,AmeriFlux;Phenocam,CRO,Northern America,Americas,2021,2024,3,2,66.7,FALSE,Subtropical dry forest,22,Csa,Cs,C,16.11716651916504,573,0.3735,Semi-arid
US-RGW,AmeriFlux;Phenocam,CRO,Northern America,Americas,2022,2024,2,2,100,FALSE,Subtropical humid forest,21,Cfa,Cf,C,17.24483299255371,1340,1.0153,Humid
US-SHC,AmeriFlux;Phenocam,ENF,Northern America,Americas,2017,2020,3,2,66.7,FALSE,Subtropical mountain system,25,Dsb,Ds,D,5.772500038146973,825,0.6924,Humid
US-SRC,AmeriFlux,OSH,Northern America,Americas,2008,2014,6,2,33.3,FALSE,Subtropical desert,24,Bwh,Bw,B,19.157499313354492,395,0.1879,Arid
US-Srr,AmeriFlux,WET,Northern America,Americas,2014,2017,3,2,66.7,FALSE,Subtropical mountain system,25,Csa,Cs,C,15.36216640472412,530,0.363,Semi-arid
US-UTW,AmeriFlux;UFLUX,CRO,Northern America,Americas,2021,2024,3,2,66.7,FALSE,Temperate desert,34,Dfa,Df,D,9.196999549865724,228,0.1608,Arid
US-xBA,AmeriFlux;NEON;Phenocam,WET,Northern America,Americas,2019,2024,5,2,40,FALSE,Polar,50,ET,ET,E,-11.990333557128906,109,0.5416,Dry sub-humid
US-xNW,AmeriFlux;NEON;Phenocam,ENF,Northern America,Americas,2019,2024,5,2,40,FALSE,Temperate mountain system,35,Dfc,Df,D,0.8305000066757202,623,0.6583,Humid
US-xPU,AmeriFlux;NEON,EBF,Northern America,Americas,2019,2024,5,2,40,FALSE,Tropical mountain system,16,Cfb,Cf,C,13.239333152770996,2155,1.9884,Humid
US-YK2,AmeriFlux,WET,Northern America,Americas,2019,2025,6,2,33.3,FALSE,Polar,50,NA,NA,NA,-0.9526666402816772,530,1.2022,Humid
AR-TF1,AmeriFlux,WET,Latin America and the Caribbean,Americas,2016,2018,2,1,50,FALSE,NA,NA,NA,NA,NA,5.317324638366699,658,1.2126,Humid
AR-TF2,AmeriFlux,WET,Latin America and the Caribbean,Americas,2016,2018,2,1,50,FALSE,Temperate oceanic forest,31,NA,NA,NA,3.1710000038146973,596,0.9117,Humid
CA-LU1,AmeriFlux,OSH,Northern America,Americas,2020,2023,3,1,33.3,FALSE,Boreal tundra woodland,42,Dfc,Df,D,-1.9755001068115232,350,0.5538,Dry sub-humid
CA-PB2,AmeriFlux,WET,Northern America,Americas,2017,2024,7,1,14.3,FALSE,Boreal tundra woodland,42,Dfc,Df,D,-3.964999914169311,524,1.0873,Humid
CA-SCB,AmeriFlux,WET,Northern America,Americas,2014,2019,5,1,20,FALSE,Boreal tundra woodland,42,Dfc,Df,D,-2.505500078201294,414,0.7012,Humid
US-A32,AmeriFlux,GRA,Northern America,Americas,2015,2017,2,1,50,FALSE,Temperate steppe,33,Cfa,Cf,C,14.78616714477539,816,0.5117,Dry sub-humid
US-A37,AmeriFlux,CVM,Northern America,Americas,2024,2024,0,1,NA,FALSE,Temperate steppe,33,Cfa,Cf,C,14.889666557312012,822,0.5298,Dry sub-humid
US-A39,AmeriFlux,CRO,Northern America,Americas,2024,2024,0,1,NA,FALSE,Subtropical steppe,23,Csa,Cs,C,15.122833251953123,999,0.6783,Humid
US-ADR,AmeriFlux,BSV,Northern America,Americas,2011,2017,6,1,16.7,FALSE,Subtropical desert,24,Bwh,Bw,B,17.0364990234375,108,0.045,Hyper-arid
US-CF3,AmeriFlux;LTAR;Phenocam,CRO,Northern America,Americas,2017,2021,4,1,25,FALSE,Temperate desert,34,Dsb,Ds,D,8.420332908630371,559,0.5761,Dry sub-humid
US-CF4,AmeriFlux;LTAR;Phenocam,CRO,Northern America,Americas,2017,2021,4,1,25,FALSE,Temperate desert,34,Dsb,Ds,D,8.420332908630371,559,0.5761,Dry sub-humid
US-Cms,AmeriFlux,WET,Northern America,Americas,1999,2005,6,1,16.7,FALSE,Polar,50,ET,ET,E,-11.972222328186035,107,0.5643,Dry sub-humid
US-CS2,AmeriFlux,ENF,Northern America,Americas,2018,2022,4,1,25,FALSE,Temperate continental forest,32,Dfa,Df,D,6.723499774932861,809,0.9302,Humid
US-DFK,AmeriFlux,CRO,Northern America,Americas,2018,2020,2,1,50,FALSE,Temperate continental forest,32,Dfb,Df,D,7.320833206176758,799,0.8886,Humid
US-DS1,AmeriFlux,CRO,Northern America,Americas,2018,2019,1,1,100,FALSE,Subtropical dry forest,22,Csa,Cs,C,15.47599983215332,392,0.27,Semi-arid
US-EA5,AmeriFlux,CSH,Northern America,Americas,2021,2022,1,1,100,FALSE,Subtropical steppe,23,Cfa,Cf,C,20.14699935913086,619,0.3464,Semi-arid
US-EKN,AmeriFlux,WET,Northern America,Americas,2023,2024,1,1,100,FALSE,Subtropical mountain system,25,Cfc,Cf,C,13.982000350952148,539,0.4528,Semi-arid
US-EKP,AmeriFlux,WET,Northern America,Americas,2022,2024,2,1,50,FALSE,Subtropical mountain system,25,Csb,Cs,C,13.982000350952148,539,0.4645,Semi-arid
US-Fcr,AmeriFlux,OSH,Northern America,Americas,2011,2014,3,1,33.3,FALSE,Boreal tundra woodland,42,Dwc,Dw,D,-4.070000171661377,294,0.6081,Dry sub-humid
US-HRC,AmeriFlux;Phenocam,CRO,Northern America,Americas,2015,2024,9,1,11.1,FALSE,Subtropical humid forest,21,Cfa,Cf,C,16.70866584777832,1289,0.9822,Humid
US-Me7,AmeriFlux,ENF,Northern America,Americas,2022,2023,1,1,100,FALSE,Temperate mountain system,35,Csb,Cs,C,6.498833656311035,821,0.8805,Humid
US-OPE,AmeriFlux;LTAR;Phenocam,CRO,Northern America,Americas,2022,2022,0,1,NA,FALSE,Subtropical humid forest,21,Cfa,Cf,C,12.92199993133545,1127,0.9935,Humid
US-PAS,AmeriFlux;LTAR,GRA,Northern America,Americas,2021,2022,1,1,100,FALSE,Subtropical humid forest,21,Cfa,Cf,C,22.416500091552734,1285,0.8419,Humid
US-PLo,AmeriFlux,WET,Northern America,Americas,2022,2023,1,1,100,FALSE,Temperate continental forest,32,Dfa,Df,D,9.1616668701171875,1098,1.0944,Humid
US-RGF,AmeriFlux;Phenocam,CRO,Northern America,Americas,2023,2024,1,1,100,FALSE,Subtropical dry forest,22,Csa,Cs,C,15.97266674041748,287,0.1962,Arid
US-RRC,AmeriFlux,WET,Northern America,Americas,2022,2024,2,1,50,FALSE,Subtropical humid forest,21,Dfa,Df,D,14.465499877929688,1137,0.9728,Humid
US-SD1,AmeriFlux,CRO,Northern America,Americas,2023,2025,2,1,50,FALSE,Temperate continental forest,32,NA,NA,NA,9.619832992553713,970,1.005,Humid
US-SD2,AmeriFlux,CRO,Northern America,Americas,2023,2025,2,1,50,FALSE,Temperate continental forest,32,NA,NA,NA,9.599332809448242,966,1.0073,Humid
US-Snf,AmeriFlux;Phenocam,GRA,Northern America,Americas,2018,2020,2,1,50,FALSE,Subtropical dry forest,22,Csa,Cs,C,15.513500213623049,336,0.2362,Semi-arid
US-Sta,AmeriFlux,OSH,Northern America,Americas,2005,2009,4,1,25,FALSE,Temperate desert,34,Bsh,Bs,B,5.463500022888184,293,0.2481,Semi-arid
US-Tw5,AmeriFlux;Phenocam,WET,Northern America,Americas,2018,2019,1,1,100,FALSE,Subtropical dry forest,22,Csa,Cs,C,15.347167015075684,370,0.2597,Semi-arid
US-UTB,AmeriFlux;UFLUX,BSV,Northern America,Americas,2021,2023,2,1,50,FALSE,Temperate desert,34,Bwk,Bw,B,9.9741668701171875,165,0.106,Arid
US-VT1,AmeriFlux,CRO,Northern America,Americas,2023,2025,2,1,50,FALSE,Temperate steppe,33,Cfa,Cf,C,10.449333190917969,973,0.9919,Humid
US-VT2,AmeriFlux,CRO,Northern America,Americas,2023,2025,2,1,50,FALSE,Temperate steppe,33,Cfa,Cf,C,10.449333190917969,973,0.9919,Humid
US-WT1,AmeriFlux,CRO,Northern America,Americas,2023,2024,1,1,100,FALSE,Subtropical steppe,23,BSk,BS,B,14.193666458129885,491,0.2564,Semi-arid
US-ZF2,AmeriFlux,CRO,Northern America,Americas,2024,2025,1,1,100,FALSE,Temperate steppe,33,Dfa,Df,D,10.060999870300291,963,0.9901,Humid
JP-Yms,AsiaFlux;JapanFlux,DBF,Eastern Asia,Asia,2000,2023,23,22,95.7,TRUE,Subtropical humid forest,21,Cfa,Cf,C,14.484833717346191,1502,1.4419,Humid
JP-Tak,AsiaFlux;JapanFlux,DBF,Eastern Asia,Asia,1998,2021,23,22,95.7,TRUE,Temperate mountain system,35,Dfb,Df,D,7.130833148956299,1804,2.2982,Humid
JP-Api,AsiaFlux;JapanFlux,DBF,Eastern Asia,Asia,2000,2022,22,22,100,TRUE,Temperate mountain system,35,Dfa,Df,D,6.664833068847656,1478,2.2808,Humid
IL-Yat,CarboEuroFlux;CarboEuropeIP;European Fluxes Database,ENF,Western Asia,Asia,2000,2024,24,22,91.7,TRUE,Tropical desert,15,Csa,Cs,C,17.222999572753906,300,0.1738,Arid
JP-Tef,AsiaFlux;JapanFlux,DNF,Eastern Asia,Asia,2001,2023,22,20,90.9,TRUE,Temperate mountain system,35,Dfb,Df,D,5.169333457946777,1113,1.7323,Humid
JP-Fjy,AsiaFlux;JapanFlux,ENF,Eastern Asia,Asia,2001,2021,20,20,100,FALSE,Subtropical mountain system,25,Cfa,Cf,C,9.71833324432373,1693,1.6588,Humid
JP-Fhk,AsiaFlux;JapanFlux,DNF,Eastern Asia,Asia,2006,2023,17,18,105.9,FALSE,Temperate mountain system,35,Cfa,Cf,C,9.71833324432373,1693,1.7596,Humid
JP-Spp,AsiaFlux;JapanFlux,DBF,Eastern Asia,Asia,2000,2018,18,16,88.9,FALSE,Temperate continental forest,32,Dfb,Df,D,7.402833461761475,1239,1.5962,Humid
ID-PaD,AsiaFlux;JapanFlux,EBF,South-eastern Asia,Asia,2001,2017,16,12,75,FALSE,Tropical rainforest,11,NA,NA,NA,27.514667510986328,2396,1.7673,Humid
CN-Aro,ChinaFLUX,GRA,Eastern Asia,Asia,2013,2024,11,11,100,FALSE,Temperate mountain system,35,Bwk,Bw,B,-0.3504999876022339,411,0.4271,Semi-arid
CN-Ash,ChinaFLUX,EBF,Eastern Asia,Asia,2009,2019,10,11,110,FALSE,Subtropical mountain system,25,NA,NA,NA,13.547333717346191,988,1.0039,Humid
JP-Ta2,AsiaFlux;JapanFlux,ENF,Eastern Asia,Asia,2005,2015,10,10,100,FALSE,Subtropical humid forest,21,Dfb,Df,D,9.504833221435549,1765,2.0335,Humid
JP-NsM,AsiaFlux;JapanFlux,GRA,Eastern Asia,Asia,2004,2015,11,10,90.9,FALSE,Subtropical mountain system,25,Cfa,Cf,C,12.100167274475098,1326,1.5157,Humid
JP-NsC,AsiaFlux;JapanFlux,GRA,Eastern Asia,Asia,2004,2015,11,10,90.9,FALSE,Subtropical mountain system,25,Cfa,Cf,C,12.100167274475098,1326,1.5157,Humid
ID-PaB,AsiaFlux;JapanFlux,OSH,South-eastern Asia,Asia,2004,2016,12,10,83.3,FALSE,Tropical rainforest,11,Am,Am,A,27.514667510986328,2396,1.7677,Humid
JP-SMF,AsiaFlux;JapanFlux,MF,Eastern Asia,Asia,2002,2014,12,9,75,FALSE,Subtropical humid forest,21,Cfa,Cf,C,14.7698335647583,2065,1.929,Humid
CN-YaS,ChinaFLUX,OSH,Eastern Asia,Asia,2011,2020,9,9,100,FALSE,Temperate mountain system,35,NA,NA,NA,7.767166614532471,309,0.263,Semi-arid
CN-BeO,ChinaFLUX,MF,Eastern Asia,Asia,2012,2020,8,9,112.5,FALSE,Temperate continental forest,32,NA,NA,NA,12.214500427246094,546,0.4569,Semi-arid
JP-Mse,AsiaFlux;JapanFlux,CRO,Eastern Asia,Asia,2002,2009,7,8,114.3,FALSE,Subtropical humid forest,21,Cfa,Cf,C,14.178333282470703,1307,1.3345,Humid
CN-Lch,NA,CRO,Eastern Asia,Asia,2008,2020,12,8,66.7,FALSE,Temperate continental forest,32,NA,NA,NA,13.210000038146973,475,0.3938,Semi-arid
CN-Dzo,ChinaFLUX,EBF,Eastern Asia,Asia,2010,2020,10,8,80,FALSE,Tropical moist forest,12,NA,NA,NA,24.09083366394043,1647,1.201,Humid
TH-Mae,AsiaFlux;JapanFlux,DBF,South-eastern Asia,Asia,2005,2016,11,7,63.6,FALSE,Tropical moist forest,12,Aw,Aw,A,25.05699920654297,1122,0.7922,Humid
JP-Kzw,AsiaFlux;JapanFlux,MF,Eastern Asia,Asia,2001,2008,7,7,100,FALSE,Temperate mountain system,35,Dfb,Df,D,7.257166862487793,1589,1.8858,Humid
CN-HaM,AsiaFlux;JapanFlux,GRA,Eastern Asia,Asia,2001,2014,13,7,53.8,FALSE,Temperate mountain system,35,NA,NA,NA,-0.715499997138977,468,0.5328,Dry sub-humid
KR-CmF,NA,CRO,Eastern Asia,Asia,2012,2019,7,6,85.7,FALSE,Temperate continental forest,32,Dwa,Dw,D,11.098166465759276,1281,1.4999,Humid
KR-CRK,AsiaFlux;KoFlux,CRO,Eastern Asia,Asia,2015,2021,6,6,100,FALSE,Temperate continental forest,32,Dwa,Dw,D,9.687999725341797,1248,1.5444,Humid
JP-Ynf,AsiaFlux;JapanFlux,EBF,Eastern Asia,Asia,2013,2022,9,6,66.7,FALSE,Subtropical humid forest,21,Cfa,Cf,C,21.611631393432617,2150,1.6116,Humid
JP-MMF,AsiaFlux;JapanFlux,MF,Eastern Asia,Asia,2004,2011,7,6,85.7,FALSE,Temperate mountain system,35,Af,Af,A,4.5881667137146,1156,1.8384,Humid
ID-Pag,AsiaFlux;JapanFlux,EBF,South-eastern Asia,Asia,2004,2018,14,6,42.9,FALSE,Tropical rainforest,11,Am,Am,A,27.44983291625977,2401,1.7578,Humid
CN-Du2,ChinaFLUX,GRA,Eastern Asia,Asia,2011,2019,8,6,75,FALSE,Temperate mountain system,35,NA,NA,NA,2.7023332118988037,399,0.3846,Semi-arid
KR-Kw1,NA,ENF,Eastern Asia,Asia,2016,2020,4,5,125,FALSE,Temperate continental forest,32,Dwa,Dw,D,10.409832954406738,1301,1.5592,Humid
MY-LHP,AsiaFlux;JapanFlux,EBF,South-eastern Asia,Asia,2009,2019,10,5,50,FALSE,Tropical rainforest,11,Af,Af,A,26.56999969482422,3088,2.2873,Humid
MN-Kbu,AsiaFlux;JapanFlux,GRA,Eastern Asia,Asia,2003,2008,5,5,100,FALSE,Temperate steppe,33,BSk,BS,B,0.09216662496328354,250,0.2716,Semi-arid
JP-Tmd,AsiaFlux;JapanFlux,GRA,Eastern Asia,Asia,2005,2023,18,5,27.8,FALSE,Temperate continental forest,32,Dfb,Df,D,6.387499809265137,1206,1.8952,Humid
JP-MBF,AsiaFlux,DBF,Eastern Asia,Asia,2004,2011,7,5,71.4,FALSE,Temperate mountain system,35,Af,Af,A,4.020999908447266,1174,1.9387,Humid
CN-Yuc,ChinaFLUX,CRO,Eastern Asia,Asia,2011,2020,9,5,55.6,FALSE,Temperate continental forest,32,NA,NA,NA,13.144166946411133,607,0.5157,Dry sub-humid
CN-Jzh,ChinaFLUX,CRO,Eastern Asia,Asia,2011,2016,5,5,100,FALSE,Temperate continental forest,32,NA,NA,NA,9.2866668701171875,549,0.4624,Semi-arid
CN-Ha2,ChinaFLUX,OSH,Eastern Asia,Asia,2011,2019,8,5,62.5,FALSE,Temperate mountain system,35,NA,NA,NA,-0.715499997138977,468,0.5357,Dry sub-humid
KR-SmM,NA,MF,Eastern Asia,Asia,2015,2021,6,4,66.7,FALSE,Temperate continental forest,32,Dwa,Dw,D,10.119832992553713,1262,1.547,Humid
KR-ScC,AsiaFlux;KoFlux,ENF,Eastern Asia,Asia,2015,2018,3,4,133.3,FALSE,Temperate continental forest,32,Dwa,Dw,D,11.717333793640137,1226,1.2958,Humid
KR-PcD,AsiaFlux;KoFlux,DBF,Eastern Asia,Asia,2015,2018,3,4,133.3,FALSE,Temperate continental forest,32,Dwa,Dw,D,6.941999912261963,1375,1.7165,Humid
KR-Kw2,AsiaFlux;KoFlux,DBF,Eastern Asia,Asia,2016,2020,4,4,100,FALSE,Temperate continental forest,32,Dwa,Dw,D,10.409832954406738,1301,1.5624,Humid
KR-JjM,AsiaFlux;KoFlux,MF,Eastern Asia,Asia,2015,2018,3,4,133.3,FALSE,Subtropical humid forest,21,Cfa,Cf,C,12.665666580200195,1956,2.1715,Humid
MN-Nkh,JapanFlux,GRA,Eastern Asia,Asia,2015,2020,5,4,80,FALSE,Boreal mountain system,43,BSk,BS,B,-2.314500093460083,268,0.3342,Semi-arid
MN-Hst,JapanFlux,GRA,Eastern Asia,Asia,2015,2020,5,4,80,FALSE,Temperate steppe,33,BSk,BS,B,-0.3368333876132965,244,0.2699,Semi-arid
JP-Toc,JapanFlux,DBF,Eastern Asia,Asia,2011,2014,3,4,133.3,FALSE,Temperate continental forest,32,Dfb,Df,D,6.4670000076293945,1189,1.8694,Humid
JP-Fmt,JapanFlux,MF,Eastern Asia,Asia,2014,2023,9,4,44.4,FALSE,Subtropical humid forest,21,Cfa,Cf,C,14.649499893188477,1516,1.4191,Humid
CN-Lsh,AsiaFlux;JapanFlux,DNF,Eastern Asia,Asia,2002,2006,4,4,100,FALSE,Temperate continental forest,32,Cfc,Cf,C,3.0406665802001953,587,0.6747,Humid
ID-JOP,AsiaFlux,EBF,South-eastern Asia,Asia,2014,2024,10,4,40,FALSE,Tropical rainforest,11,Af,Af,A,26.526832580566406,2569,1.9641,Humid
KR-Hnm,AsiaFlux;KoFlux,CRO,Eastern Asia,Asia,2016,2019,3,3,100,FALSE,Subtropical humid forest,21,Cfa,Cf,C,13.831666946411133,1307,1.2551,Humid
KR-HcM,AsiaFlux;KoFlux,MF,Eastern Asia,Asia,2015,2018,3,3,100,FALSE,Temperate continental forest,32,Dwa,Dw,D,9.42650032043457,1297,1.603,Humid
KR-GmS,AsiaFlux;KoFlux,CRO,Eastern Asia,Asia,2017,2019,2,3,150,FALSE,Temperate continental forest,32,Dfa,Df,D,12.999500274658203,1217,1.1413,Humid
JP-Tmk,AsiaFlux;JapanFlux,DNF,Eastern Asia,Asia,2001,2003,2,3,150,FALSE,Temperate continental forest,32,Dfb,Df,D,6.387499809265137,1206,1.9005,Humid
JP-Srk,AsiaFlux;JapanFlux,DBF,Eastern Asia,Asia,2010,2016,6,3,50,FALSE,Temperate mountain system,35,Dfa,Df,D,7.834000110626221,1534,1.9879,Humid
JP-BBY,AsiaFlux;JapanFlux,WET,Eastern Asia,Asia,2014,2020,6,3,50,FALSE,Temperate continental forest,32,Dfb,Df,D,7.184000015258789,1154,1.5873,Humid
CN-GuT,ChinaFLUX,GRA,Eastern Asia,Asia,2015,2017,2,3,150,FALSE,Temperate mountain system,35,NA,NA,NA,-1.5640000104904177,568,0.704,Humid
KR-WdE,AsiaFlux;KoFlux,EBF,Eastern Asia,Asia,2015,2018,3,2,66.7,FALSE,Subtropical humid forest,21,Cfb,Cf,C,12.675833702087402,1490,1.5699,Humid
KR-UAO,AsiaFlux;KoFlux,CRO,Eastern Asia,Asia,2017,2019,2,2,100,FALSE,Temperate continental forest,32,Dwa,Dw,D,11.081666946411133,1137,1.2242,Humid
KR-Nj2,AsiaFlux;KoFlux,CRO,Eastern Asia,Asia,2023,2024,1,2,200,FALSE,Temperate continental forest,32,Cfa,Cf,C,13.38249969482422,1306,1.3092,Humid
KR-GmR,AsiaFlux;KoFlux,CRO,Eastern Asia,Asia,2017,2019,2,2,100,FALSE,Temperate continental forest,32,Dfa,Df,D,13.000166893005373,1230,1.155,Humid
KR-AdC,AsiaFlux;KoFlux,ENF,Eastern Asia,Asia,2015,2018,3,2,66.7,FALSE,Temperate continental forest,32,Cfb,Cf,C,11.98050022125244,1166,1.2197,Humid
JP-Nuf,JapanFlux,DBF,Eastern Asia,Asia,2000,2001,1,2,200,FALSE,Subtropical humid forest,21,Cfa,Cf,C,15.454667091369627,1969,1.7256,Humid
JP-Hc3,JapanFlux,CRO,Eastern Asia,Asia,2005,2008,3,2,66.7,FALSE,Subtropical humid forest,21,Cfa,Cf,C,15.023263931274414,1423,1.3065,Humid
CN-Xi2,ChinaFLUX,GRA,Eastern Asia,Asia,2011,2020,9,2,22.2,FALSE,Temperate steppe,33,NA,NA,NA,1.5538333654403689,322,0.3104,Semi-arid
KR-TwC,NA,ENF,Eastern Asia,Asia,2024,2024,0,1,NA,FALSE,Temperate continental forest,32,Dwa,Dw,D,10.447333335876465,1318,1.53,Humid
KR-Nj1,NA,CRO,Eastern Asia,Asia,2023,2024,1,1,100,FALSE,Temperate continental forest,32,Cfa,Cf,C,13.38249969482422,1306,1.3092,Humid
KR-HPK,AsiaFlux;KoFlux,CRO,Eastern Asia,Asia,2016,2018,2,1,50,FALSE,Subtropical humid forest,21,Cfa,Cf,C,13.849431991577148,1301,1.2716,Humid
KR-GmP,NA,CRO,Eastern Asia,Asia,2011,2014,3,1,33.3,FALSE,Temperate continental forest,32,Dfa,Df,D,13.000166893005373,1230,1.1566,Humid
JP-Om2,AsiaFlux;JapanFlux,GRA,Eastern Asia,Asia,2022,2023,1,1,100,FALSE,Subtropical humid forest,21,Cfa,Cf,C,16.378332138061523,1372,1.0885,Humid
CN-Yan,NA,OSH,Eastern Asia,Asia,2016,2018,2,1,50,FALSE,Temperate mountain system,35,NA,NA,NA,8.402667045593262,321,0.2792,Semi-arid
CN-Wnb,ChinaFLUX,BSV,Eastern Asia,Asia,2021,2021,0,1,NA,FALSE,Temperate desert,34,NA,NA,NA,8.397333145141602,127,0.0875,Arid
CN-HaW,ChinaFLUX,WET,Eastern Asia,Asia,2011,2018,7,1,14.3,FALSE,Temperate mountain system,35,NA,NA,NA,-0.715499997138977,468,0.5328,Dry sub-humid
NL-Loo,European Fluxes Database;ICOS,ENF,Western Europe,Europe,1997,2024,27,28,103.7,TRUE,Temperate oceanic forest,31,Cfb,Cf,C,9.42733383178711,826,1.2644,Humid
DE-Tha,European Fluxes Database;ICOS,ENF,Western Europe,Europe,1996,2024,28,28,100,TRUE,Temperate oceanic forest,31,Cfb,Cf,C,8.4399995803833,737,1.034,Humid
CH-Dav,European Fluxes Database;ICOS,ENF,Western Europe,Europe,1997,2024,27,28,103.7,FALSE,Temperate mountain system,35,Dfc,Df,D,2.9585001468658447,1094,1.5879,Humid
DK-Sor,European Fluxes Database;ICOS,DBF,Northern Europe,Europe,1996,2024,28,26,92.9,TRUE,Temperate oceanic forest,31,Cfb,Cf,C,8.508000373840332,613,0.9109,Humid
BE-Vie,European Fluxes Database;ICOS,MF,Western Europe,Europe,1996,2024,28,26,92.9,TRUE,Temperate oceanic forest,31,Cfb,Cf,C,7.9126667976379395,1103,1.6283,Humid
FR-Pue,European Fluxes Database;ICOS,EBF,Western Europe,Europe,2000,2024,24,24,100,FALSE,Subtropical dry forest,22,Csa,Cs,C,13.64366626739502,666,0.5819,Dry sub-humid
FI-Hyy,European Fluxes Database;ICOS,ENF,Northern Europe,Europe,1997,2024,27,24,88.9,TRUE,Boreal coniferous forest,41,Dfc,Df,D,3.19950008392334,663,1.3074,Humid
RU-Fyo,European Fluxes Database;GHG-Europe;InGOS;TCOS-Siberia,ENF,Eastern Europe,Europe,1998,2024,26,24,92.3,FALSE,Temperate continental forest,32,Dfb,Df,D,4.557333469390869,689,1.1464,Humid
IT-Ren,European Fluxes Database;ICOS,ENF,Southern Europe,Europe,1999,2024,25,23,92,FALSE,Temperate mountain system,35,Dfc,Df,D,3.3570001125335693,684,0.9963,Humid
DE-Hai,European Fluxes Database;ICOS,DBF,Western Europe,Europe,2000,2024,24,22,91.7,FALSE,Temperate oceanic forest,31,Dfb,Df,D,7.549499988555908,865,1.2737,Humid
BE-Bra,European Fluxes Database;ICOS,ENF,Western Europe,Europe,1999,2024,25,22,88,FALSE,Temperate oceanic forest,31,Cfb,Cf,C,10.348166465759276,808,1.103,Humid
UK-AMo,European Fluxes Database;ICOS,WET,Northern Europe,Europe,2003,2024,21,21,100,FALSE,Temperate oceanic forest,31,Cfc,Cf,C,7.43583345413208,843,1.6406,Humid
CH-Oe2,CarboEuropeIP;European Fluxes Database;GHG-Europe;Swiss FluxNet,CRO,Western Europe,Europe,2004,2024,20,21,105,FALSE,Temperate oceanic forest,31,Cfb,Cf,C,9.225000381469728,1126,1.5711,Humid
CZ-BK1,European Fluxes Database;ICOS,ENF,Eastern Europe,Europe,2004,2024,20,20,100,FALSE,Temperate mountain system,35,Dfb,Df,D,5.396999835968018,1013,1.7087,Humid
CH-Lae,CarboEuropeIP;European Fluxes Database;GHG-Europe;Swiss FluxNet,MF,Western Europe,Europe,2004,2024,20,20,100,FALSE,Temperate oceanic forest,31,NA,NA,NA,8.747333526611328,1160,1.7717,Humid
FR-Aur,European Fluxes Database;ICOS,CRO,Western Europe,Europe,2005,2024,19,19,100,FALSE,Temperate oceanic forest,31,Cfb,Cf,C,12.481666564941406,830,0.8912,Humid
DE-Gri,European Fluxes Database;ICOS,GRA,Western Europe,Europe,2004,2024,20,19,95,FALSE,Temperate oceanic forest,31,Dfb,Df,D,7.99566650390625,790,1.031,Humid
BE-Lon,European Fluxes Database;ICOS,CRO,Western Europe,Europe,2004,2024,20,19,95,FALSE,Temperate oceanic forest,31,Cfb,Cf,C,9.741999626159668,800,1.1205,Humid
AT-Neu,CarboEuropeIP;European Fluxes Database;GHG-Europe,GRA,Western Europe,Europe,2002,2020,18,19,105.6,FALSE,Temperate mountain system,35,Dfb,Df,D,5.017166614532471,997,1.4915,Humid
FR-Gri,European Fluxes Database;ICOS,CRO,Western Europe,Europe,2004,2024,20,18,90,FALSE,Temperate oceanic forest,31,BSk,BS,B,10.659832954406738,626,0.7931,Humid
CZ-wet,European Fluxes Database;ICOS,WET,Eastern Europe,Europe,2006,2024,18,18,100,FALSE,Temperate continental forest,32,Dfb,Df,D,8.060500144958496,632,0.9064,Humid
DE-Obe,CarboEuropeIP;European Fluxes Database,ENF,Western Europe,Europe,2008,2024,16,17,106.2,FALSE,Temperate mountain system,35,Cfb,Cf,C,5.958333492279053,809,1.2171,Humid
CH-Fru,CarboExtreme;European Fluxes Database;GHG-Europe;Swiss FluxNet,GRA,Western Europe,Europe,2005,2024,19,17,89.5,FALSE,Temperate oceanic forest,31,NA,NA,NA,8.465167045593262,1398,2.176,Humid
IT-MBo,European Fluxes Database;ICOS,GRA,Southern Europe,Europe,2003,2024,21,16,76.2,FALSE,Temperate oceanic forest,31,Dfc,Df,D,6.305333614349365,407,0.4801,Semi-arid
IT-BCi,European Fluxes Database;ICOS,CRO,Southern Europe,Europe,2004,2024,20,16,80,FALSE,Subtropical dry forest,22,Cfa,Cf,C,16.066865921020508,1039,0.9843,Humid
IT-Tor,European Fluxes Database;ICOS,GRA,Southern Europe,Europe,2008,2024,16,15,93.8,FALSE,Temperate mountain system,35,Dfc,Df,D,0.688166618347168,1272,1.9451,Humid
FR-FBn,European Fluxes Database;ICOS,ENF,Western Europe,Europe,2008,2024,16,15,93.8,FALSE,Subtropical dry forest,22,Cfa,Cf,C,13.877500534057615,691,0.5683,Dry sub-humid
CZ-Stn,European Fluxes Database,DBF,Eastern Europe,Europe,2010,2024,14,15,107.1,FALSE,Temperate continental forest,32,NA,NA,NA,6.736666679382324,794,1.0692,Humid
BE-Dor,European Fluxes Database;ICOS,GRA,Western Europe,Europe,2011,2024,13,14,107.7,FALSE,Temperate oceanic forest,31,Cfb,Cf,C,9.226666450500488,849,1.2276,Humid
FI-Let,European Fluxes Database;ICOS,ENF,Northern Europe,Europe,2009,2024,15,13,86.7,FALSE,Boreal coniferous forest,41,Dfb,Df,D,4.276833534240723,664,1.1863,Humid
DE-RuR,European Fluxes Database;ICOS,GRA,Western Europe,Europe,2011,2024,13,13,100,FALSE,Temperate mountain system,35,Cfb,Cf,C,7.625666618347168,1066,1.6233,Humid
CZ-RAJ,European Fluxes Database,ENF,Eastern Europe,Europe,2012,2024,12,13,108.3,FALSE,Temperate continental forest,32,NA,NA,NA,6.935500144958496,606,0.8746,Humid
CH-Rtb,European Fluxes Database,GRA,Western Europe,Europe,2009,2022,13,13,100,FALSE,Temperate mountain system,35,Dfb,Df,D,7.677666664123535,1275,1.8613,Humid
IT-TrF,European Fluxes Database;ICOS,DNF,Southern Europe,Europe,2012,2024,12,12,100,FALSE,Temperate mountain system,35,Dfc,Df,D,4.298999786376953,1092,1.6882,Humid
ES-LJu,NA,OSH,Southern Europe,Europe,2004,2024,20,12,60,FALSE,Subtropical dry forest,22,NA,NA,NA,11.326833724975586,527,0.4386,Semi-arid
DE-RuS,European Fluxes Database;ICOS,CRO,Western Europe,Europe,2011,2024,13,11,84.6,FALSE,Temperate oceanic forest,31,Cfb,Cf,C,10.143166542053224,714,0.9556,Humid
IT-SR2,European Fluxes Database;ICOS,ENF,Southern Europe,Europe,2013,2024,11,11,100,FALSE,Subtropical dry forest,22,Csa,Cs,C,14.048333168029783,886,0.8992,Humid
DE-RuC,European Fluxes Database,OSH,Western Europe,Europe,2013,2024,11,11,100,FALSE,Temperate mountain system,35,NA,NA,NA,7.200833320617676,1131,1.9529,Humid
FR-Bil,European Fluxes Database;ICOS,ENF,Western Europe,Europe,2014,2024,10,10,100,FALSE,Temperate oceanic forest,31,Cfb,Cf,C,12.75749969482422,934,1.076,Humid
DE-HoH,European Fluxes Database;ICOS,DBF,Western Europe,Europe,2015,2024,9,10,111.1,FALSE,Temperate oceanic forest,31,Cfb,Cf,C,8.503166198730469,572,0.8405,Humid
NL-Vkp,European Fluxes Database,GRA,Western Europe,Europe,2014,2024,10,10,100,FALSE,Temperate oceanic forest,31,Cfb,Cf,C,9.641833305358888,798,1.1829,Humid
ES-LM2,European Fluxes Database,SAV,Southern Europe,Europe,2014,2024,10,10,100,FALSE,Subtropical dry forest,22,NA,NA,NA,15.864666938781738,465,0.3683,Semi-arid
CZ-KrP,European Fluxes Database,CRO,Eastern Europe,Europe,2014,2023,9,10,111.1,FALSE,Temperate mountain system,35,NA,NA,NA,7.723666667938232,576,0.7438,Humid
CH-Aws,CarboExtreme;European Fluxes Database;GHG-Europe;Swiss FluxNet,GRA,Western Europe,Europe,2006,2024,18,10,55.6,FALSE,Temperate mountain system,35,NA,NA,NA,-1.4706666469573977,1158,1.7938,Humid
SE-Svb,European Fluxes Database;ICOS,ENF,Northern Europe,Europe,2014,2024,10,9,90,FALSE,Boreal coniferous forest,41,Dfc,Df,D,1.4963332414627075,622,1.3401,Humid
FI-Var,European Fluxes Database;ICOS,ENF,Northern Europe,Europe,2016,2024,8,9,112.5,FALSE,Boreal coniferous forest,41,Dfc,Df,D,-0.7744999527931213,576,1.4792,Humid
DE-RuW,European Fluxes Database;ICOS,ENF,Western Europe,Europe,2011,2024,13,9,69.2,FALSE,Temperate mountain system,35,Cfb,Cf,C,7.1563334465026855,1152,1.9524,Humid
DE-GsB,European Fluxes Database;ICOS,GRA,Western Europe,Europe,2015,2024,9,9,100,FALSE,Temperate oceanic forest,31,Dfb,Df,D,8.911166191101074,505,0.7055,Humid
CZ-Lnz,European Fluxes Database;ICOS,DBF,Eastern Europe,Europe,2015,2024,9,9,100,FALSE,Temperate continental forest,32,BSk,BS,B,9.811833381652832,647,0.7527,Humid
ES-LM1,European Fluxes Database,SAV,Southern Europe,Europe,2014,2024,10,9,90,FALSE,Subtropical dry forest,22,NA,NA,NA,15.864666938781738,465,0.369,Semi-arid
CH-Oe3,European Fluxes Database,GRA,Western Europe,Europe,2002,2011,9,9,100,FALSE,Temperate oceanic forest,31,Cfb,Cf,C,9.313166618347168,977,1.3408,Humid
FR-EM2,European Fluxes Database;ICOS,CRO,Western Europe,Europe,2017,2024,7,8,114.3,FALSE,Temperate oceanic forest,31,Cfb,Cf,C,9.984833717346191,666,0.9209,Humid
RU-Fy2,European Fluxes Database,ENF,Eastern Europe,Europe,2015,2024,9,8,88.9,FALSE,Temperate continental forest,32,Dfb,Df,D,4.535333156585693,695,1.1466,Humid
FR-Nzn,European Fluxes Database,GRA,Western Europe,Europe,2016,2024,8,8,100,FALSE,Temperate oceanic forest,31,Cfb,Cf,C,11.512499809265137,918,1.2508,Humid
EE-Stg,European Fluxes Database,ENF,Northern Europe,Europe,2016,2024,8,8,100,FALSE,Temperate continental forest,32,Dfb,Df,D,5.449166774749756,659,1.1,Humid
IT-Lsn,European Fluxes Database;ICOS,OSH,Southern Europe,Europe,2016,2024,8,7,87.5,FALSE,Temperate oceanic forest,31,Cfa,Cf,C,13.3236665725708,970,1.1425,Humid
FR-Tou,European Fluxes Database;ICOS,GRA,Western Europe,Europe,2018,2024,6,7,116.7,FALSE,Temperate oceanic forest,31,Cfb,Cf,C,13.04699993133545,693,0.7041,Humid
FI-Ken,European Fluxes Database;ICOS,ENF,Northern Europe,Europe,2018,2024,6,7,116.7,FALSE,Boreal mountain system,43,Dfc,Df,D,-1.7271666526794434,524,1.3705,Humid
DE-Kli,European Fluxes Database;ICOS,CRO,Western Europe,Europe,2018,2024,6,7,116.7,FALSE,Temperate oceanic forest,31,Dfb,Df,D,7.717999935150147,826,1.1633,Humid
BE-Maa,European Fluxes Database;ICOS,CSH,Western Europe,Europe,2016,2024,8,7,87.5,FALSE,Temperate oceanic forest,31,Cfb,Cf,C,9.834333419799805,757,1.0838,Humid
ES-Amo,NA,OSH,Southern Europe,Europe,2007,2019,12,7,58.3,FALSE,Subtropical dry forest,22,NA,NA,NA,17.795333862304688,219,0.153,Arid
SE-Nor,European Fluxes Database;ICOS,ENF,Northern Europe,Europe,2018,2024,6,6,100,FALSE,Temperate continental forest,32,Dfb,Df,D,5.476333141326904,599,1.0546,Humid
SE-Htm,European Fluxes Database;ICOS,ENF,Northern Europe,Europe,2018,2024,6,6,100,FALSE,Temperate oceanic forest,31,Dfb,Df,D,7.055833339691162,864,1.4569,Humid
FR-Mej,European Fluxes Database;ICOS,GRA,Western Europe,Europe,2019,2024,5,6,120,FALSE,Temperate oceanic forest,31,Cfb,Cf,C,11.532833099365234,742,0.9462,Humid
FI-Sii,European Fluxes Database;ICOS,WET,Northern Europe,Europe,2018,2024,6,6,100,FALSE,Boreal coniferous forest,41,Dfc,Df,D,3.191833257675171,665,1.2971,Humid
NL-Hrw,European Fluxes Database,GRA,Western Europe,Europe,2001,2010,9,6,66.7,FALSE,Temperate oceanic forest,31,Cfb,Cf,C,9.689000129699709,800,1.1819,Humid
ES-Mcd,European Fluxes Database,EBF,Southern Europe,Europe,2018,2024,6,6,100,FALSE,Subtropical dry forest,22,NA,NA,NA,17.003000259399414,427,0.322,Semi-arid
ES-Hen,European Fluxes Database,ENF,Southern Europe,Europe,2019,2024,5,6,120,FALSE,Subtropical dry forest,22,BSk,BS,B,15.595333099365234,329,0.2199,Semi-arid
ES-HeB,European Fluxes Database,ENF,Southern Europe,Europe,2019,2024,5,6,120,FALSE,Subtropical dry forest,22,BSk,BS,B,15.262666702270508,339,0.2363,Semi-arid
DE-RuM,European Fluxes Database,CRO,Western Europe,Europe,2011,2019,8,6,75,FALSE,Temperate oceanic forest,31,Cfb,Cf,C,10.116666793823242,719,0.9964,Humid
SE-Deg,European Fluxes Database;ICOS,WET,Northern Europe,Europe,2019,2024,5,5,100,FALSE,Boreal coniferous forest,41,Dfc,Df,D,1.8295000791549685,608,1.3212,Humid
IT-BFt,European Fluxes Database;ICOS,DBF,Southern Europe,Europe,2019,2024,5,5,100,FALSE,Temperate oceanic forest,31,BSk,BS,B,12.965999603271484,678,0.7621,Humid
FR-Fon,European Fluxes Database;ICOS,DBF,Western Europe,Europe,2019,2024,5,5,100,FALSE,Temperate oceanic forest,31,Cfb,Cf,C,10.64716625213623,627,0.8134,Humid
ES-LMa,European Fluxes Database;ICOS,SAV,Southern Europe,Europe,2020,2024,4,5,125,FALSE,Subtropical dry forest,22,BSk,BS,B,15.864666938781738,465,0.3694,Semi-arid
DE-Har,European Fluxes Database;ICOS,ENF,Western Europe,Europe,2020,2024,4,5,125,FALSE,Temperate oceanic forest,31,NA,NA,NA,10.568333625793455,797,1.0066,Humid
IT-Arz,European Fluxes Database,OSH,Southern Europe,Europe,2016,2024,8,5,62.5,FALSE,Temperate oceanic forest,31,Cfa,Cf,C,12.32533359527588,935,1.1293,Humid
FI-Qvd,European Fluxes Database,CRO,Northern Europe,Europe,2018,2023,5,5,100,FALSE,Temperate continental forest,32,Dfb,Df,D,5.244166851043701,677,1.1604,Humid
ES-Cnd,European Fluxes Database,WSA,Southern Europe,Europe,2014,2021,7,5,71.4,FALSE,Subtropical dry forest,22,NA,NA,NA,16.734500885009766,368,0.2401,Semi-arid
ES-Abr,European Fluxes Database,SAV,Southern Europe,Europe,2015,2020,5,5,100,FALSE,Subtropical dry forest,22,NA,NA,NA,16.33016586303711,559,0.3789,Semi-arid
CZ-LnG,European Fluxes Database,GRA,Eastern Europe,Europe,2019,2024,5,5,100,FALSE,Temperate continental forest,32,NA,NA,NA,9.811833381652832,647,0.7319,Humid
IT-Cp2,European Fluxes Database;ICOS,MF,Southern Europe,Europe,2012,2024,12,4,33.3,FALSE,Subtropical dry forest,22,Csa,Cs,C,15.624479293823242,752,0.7262,Humid
FR-CLt,European Fluxes Database;ICOS,GRA,Western Europe,Europe,2019,2024,5,4,80,FALSE,Temperate mountain system,35,Dfc,Df,D,0.990333378314972,1403,1.9124,Humid
FR-Mau,European Fluxes Database;GHG-Europe,GRA,Western Europe,Europe,2005,2011,6,4,66.7,FALSE,Temperate oceanic forest,31,NA,NA,NA,12.630000114440918,776,0.8075,Humid
FI-Ruk,European Fluxes Database,CRO,Northern Europe,Europe,2020,2023,3,4,133.3,FALSE,Boreal coniferous forest,41,Dfc,Df,D,1.9723334312438965,518,1.0631,Humid
FI-Rk2,European Fluxes Database,ENF,Northern Europe,Europe,2020,2023,3,4,133.3,FALSE,Boreal coniferous forest,41,Dfc,Df,D,3.515166759490967,643,1.2139,Humid
ES-Yst,NA,ENF,Southern Europe,Europe,2019,2024,5,4,80,FALSE,Subtropical dry forest,22,Csa,Cs,C,12.617833137512209,451,0.3185,Semi-arid
ES-Pzb,European Fluxes Database,GRA,Southern Europe,Europe,2020,2024,4,4,100,FALSE,Subtropical dry forest,22,Csa,Cs,C,14.789999961853027,571,0.4154,Semi-arid
ES-Gdn,European Fluxes Database;GHG-Europe,SAV,Southern Europe,Europe,2014,2021,7,4,57.1,FALSE,Subtropical dry forest,22,NA,NA,NA,16.734500885009766,368,0.2401,Semi-arid
BE-Lcr,European Fluxes Database,DBF,Western Europe,Europe,2019,2022,3,4,133.3,FALSE,Temperate oceanic forest,31,Cfb,Cf,C,10.481499671936035,782,1.0873,Humid
AT-PsM,European Fluxes Database;LTER,WET,Western Europe,Europe,2015,2019,4,4,100,FALSE,Temperate mountain system,35,Dfb,Df,D,5.060333251953125,1165,1.2787,Humid
FR-Lam,European Fluxes Database;ICOS,CRO,Western Europe,Europe,2021,2024,3,3,100,FALSE,Temperate oceanic forest,31,Cfb,Cf,C,12.656000137329102,771,0.8122,Humid
DK-Vng,European Fluxes Database;ICOS,CRO,Northern Europe,Europe,2020,2023,3,3,100,FALSE,Temperate oceanic forest,31,Cfb,Cf,C,7.793666839599609,822,1.3362,Humid
DE-Hzd,European Fluxes Database;ICOS,DBF,Western Europe,Europe,2022,2024,2,3,150,FALSE,Temperate oceanic forest,31,Dfb,Df,D,8.241000175476074,759,1.0455,Humid
DE-Geb,European Fluxes Database;ICOS,CRO,Western Europe,Europe,2020,2024,4,3,75,FALSE,Temperate continental forest,32,Cfb,Cf,C,8.939499855041504,500,0.6897,Humid
UK-BnB,European Fluxes Database,GRA,Northern Europe,Europe,2021,2024,3,3,100,FALSE,Temperate oceanic forest,31,Cfb,Cf,C,9.328499794006348,1138,1.9463,Humid
NO-Fns,European Fluxes Database,SNO,Northern Europe,Europe,2017,2024,7,3,42.9,FALSE,Boreal mountain system,43,ET,ET,E,-2.128333330154419,1264,3.2604,Humid
IT-NiG,European Fluxes Database,GRA,Southern Europe,Europe,2020,2024,4,3,75,FALSE,Temperate mountain system,35,NA,NA,NA,-0.49316659569740295,1440,2.4105,Humid
IT-CA3,European Fluxes Database;GHG-Europe,DBF,Southern Europe,Europe,2011,2014,3,3,100,FALSE,Subtropical dry forest,22,NA,NA,NA,14.48900032043457,332,0.3064,Semi-arid
IT-CA2,European Fluxes Database;GHG-Europe,CRO,Southern Europe,Europe,2011,2014,3,3,100,FALSE,Subtropical dry forest,22,NA,NA,NA,14.48900032043457,332,0.2999,Semi-arid
IT-BsB,European Fluxes Database,DBF,Southern Europe,Europe,2021,2024,3,3,100,FALSE,Temperate mountain system,35,NA,NA,NA,7.318999767303467,986,0.9857,Humid
FI-Nsv,European Fluxes Database,CVM,Northern Europe,Europe,2021,2024,3,3,100,FALSE,Boreal coniferous forest,41,Dfc,Df,D,2.506166458129883,607,1.2251,Humid
ES-Crg,European Fluxes Database,CSH,Southern Europe,Europe,2021,2024,3,3,100,FALSE,Subtropical dry forest,22,NA,NA,NA,12.764833450317385,410,0.3481,Semi-arid
DE-Rns,European Fluxes Database,CRO,Western Europe,Europe,2021,2024,3,3,100,FALSE,Temperate oceanic forest,31,Cfb,Cf,C,8.846166610717773,655,0.9207,Humid
CH-Rh2,European Fluxes Database,GRA,Western Europe,Europe,2018,2021,3,3,100,FALSE,Temperate oceanic forest,31,Cfb,Cf,C,7.799999713897705,1351,2.3046,Humid
CH-Rh1,European Fluxes Database,GRA,Western Europe,Europe,2018,2021,3,3,100,FALSE,Temperate oceanic forest,31,Cfb,Cf,C,7.799999713897705,1351,2.3046,Humid
AT-Mmg,European Fluxes Database,ENF,Western Europe,Europe,2021,2024,3,3,100,FALSE,Temperate mountain system,35,Cfb,Cf,C,7.374833106994629,1150,1.5964,Humid
SE-Sto,European Fluxes Database;ICOS,WET,Northern Europe,Europe,2022,2024,2,2,100,FALSE,Boreal mountain system,43,Dfc,Df,D,-0.8321665525436401,379,0.9666,Humid
IT-Noe,European Fluxes Database;ICOS,CSH,Southern Europe,Europe,2022,2024,2,2,100,FALSE,Subtropical dry forest,22,Csa,Cs,C,15.618402481079102,758,0.6914,Humid
FR-Lus,European Fluxes Database;ICOS,GRA,Western Europe,Europe,2022,2024,2,2,100,FALSE,Temperate oceanic forest,31,Cfb,Cf,C,11.36050033569336,835,0.9622,Humid
FR-Lqu,European Fluxes Database;ICOS,GRA,Western Europe,Europe,2022,2024,2,2,100,FALSE,Temperate mountain system,35,Cfb,Cf,C,7.62066650390625,904,1.1932,Humid
DK-Skj,European Fluxes Database;ICOS,WET,Northern Europe,Europe,2020,2022,2,2,100,FALSE,Temperate oceanic forest,31,NA,NA,NA,9.22826099395752,813,1.1761,Humid
DK-RCW,European Fluxes Database;ICOS,DBF,Northern Europe,Europe,2023,2024,1,2,200,FALSE,Temperate oceanic forest,31,Dfb,Df,D,8.243749618530273,606,0.9292,Humid
DE-Msr,European Fluxes Database;ICOS,ENF,Western Europe,Europe,2020,2024,4,2,50,FALSE,Temperate oceanic forest,31,Dfb,Df,D,8.302833557128906,1146,1.594,Humid
DE-Amv,European Fluxes Database;ICOS,WET,Western Europe,Europe,2023,2024,1,2,200,FALSE,Temperate oceanic forest,31,Cfb,Cf,C,9.33133316040039,773,1.1929,Humid
UK-Gwr,European Fluxes Database,GRA,Northern Europe,Europe,2022,2024,2,2,100,FALSE,Temperate oceanic forest,31,Cfb,Cf,C,7.784666538238525,1278,2.2979,Humid
UK-Gnn,European Fluxes Database,GRA,Northern Europe,Europe,2022,2024,2,2,100,FALSE,Temperate oceanic forest,31,Cfb,Cf,C,8.599499702453613,1449,2.3689,Humid
UK-GaB,European Fluxes Database,GRA,Northern Europe,Europe,2022,2024,2,2,100,FALSE,Temperate oceanic forest,31,Cfb,Cf,C,9.34433364868164,1170,1.9461,Humid
UK-CCr,European Fluxes Database,GRA,Northern Europe,Europe,2022,2024,2,2,100,FALSE,Temperate oceanic forest,31,Cfb,Cf,C,8.765999794006348,1482,2.6162,Humid
SE-Trb,European Fluxes Database,WET,Northern Europe,Europe,2021,2023,2,2,100,FALSE,Boreal coniferous forest,41,Dfc,Df,D,1.9298332929611208,630,1.3809,Humid
RU-Fy4,European Fluxes Database,WET,Eastern Europe,Europe,2015,2020,5,2,40,FALSE,Temperate continental forest,32,NA,NA,NA,4.512833595275879,690,1.1376,Humid
RU-Ch2,European Fluxes Database;PAGE21,WET,Eastern Europe,Europe,2014,2021,7,2,28.6,FALSE,Boreal tundra woodland,42,NA,NA,NA,-11.518667221069336,171,0.3815,Semi-arid
IT-CA1,European Fluxes Database;GHG-Europe,DBF,Southern Europe,Europe,2011,2014,3,2,66.7,FALSE,Subtropical dry forest,22,NA,NA,NA,14.48900032043457,332,0.2999,Semi-arid
ES-VDA,CarboEuropeIP;Carbomont;European Fluxes Database,GRA,Southern Europe,Europe,2022,2024,2,2,100,FALSE,Subtropical dry forest,22,NA,NA,NA,7.90233325958252,974,1.0477,Humid
EE-Pts,European Fluxes Database;GHG-Europe,WET,Northern Europe,Europe,2022,2024,2,2,100,FALSE,Temperate continental forest,32,Dfb,Df,D,6.125833034515381,684,1.0753,Humid
CH-Crs,European Fluxes Database,GRA,Western Europe,Europe,2015,2016,1,2,200,FALSE,Temperate oceanic forest,31,Cfb,Cf,C,8.440500259399414,1016,1.2984,Humid
AT-Zoe,European Fluxes Database;LTER,MF,Western Europe,Europe,2014,2024,10,2,20,FALSE,Temperate mountain system,35,Dfb,Df,D,7.267666816711426,936,1.4725,Humid
NO-Hur,European Fluxes Database;ICOS,ENF,Northern Europe,Europe,2023,2024,1,1,100,FALSE,Boreal coniferous forest,41,NA,NA,NA,4.293333530426025,765,1.4425,Humid
FI-Sod,European Fluxes Database;ICOS,ENF,Northern Europe,Europe,2023,2024,1,1,100,FALSE,Boreal coniferous forest,41,Dfc,Df,D,-0.8236667513847351,514,1.2008,Humid
FI-Ant,European Fluxes Database;ICOS,CRO,Northern Europe,Europe,2022,2022,0,1,NA,FALSE,Boreal coniferous forest,41,NA,NA,NA,2.816833257675171,607,1.1934,Humid
DK-Gds,European Fluxes Database;ICOS,ENF,Northern Europe,Europe,2020,2022,2,1,50,FALSE,Temperate oceanic forest,31,Cfb,Cf,C,7.440999984741211,795,1.3299,Humid
DE-Gwg,European Fluxes Database;ICOS,GRA,Western Europe,Europe,2023,2024,1,1,100,FALSE,Temperate mountain system,35,Dfb,Df,D,6.117166519165039,1331,2.0112,Humid
DE-Fen,European Fluxes Database;ICOS,GRA,Western Europe,Europe,2023,2024,1,1,100,FALSE,Temperate mountain system,35,Dfb,Df,D,7.899666786193848,1131,1.5774,Humid
DE-Brs,European Fluxes Database;ICOS,CRO,Western Europe,Europe,2023,2024,1,1,100,FALSE,Temperate oceanic forest,31,Cfb,Cf,C,9.102999687194824,624,0.8811,Humid
UK-HpF,European Fluxes Database,CRO,Northern Europe,Europe,2023,2024,1,1,100,FALSE,Temperate oceanic forest,31,Cfb,Cf,C,9.678333282470703,581,0.8132,Humid
UK-HgF,European Fluxes Database,GRA,Northern Europe,Europe,2023,2024,1,1,100,FALSE,Temperate oceanic forest,31,Cfb,Cf,C,9.872833251953123,616,0.8812,Humid
UK-Cvn,European Fluxes Database,GRA,Northern Europe,Europe,2023,2024,1,1,100,FALSE,Temperate oceanic forest,31,Cfb,Cf,C,10.004833221435549,551,0.7827,Humid
NO-Ikr,European Fluxes Database,WET,Northern Europe,Europe,2019,2022,3,1,33.3,FALSE,Boreal mountain system,43,Dfc,Df,D,-2.486999988555908,429,1.1909,Humid
FI-Sar,European Fluxes Database,CRO,Northern Europe,Europe,2022,2022,0,1,NA,FALSE,Boreal coniferous forest,41,NA,NA,NA,2.7890000343322754,606,1.2007,Humid
FI-Pap,European Fluxes Database,CRO,Northern Europe,Europe,2022,2022,0,1,NA,FALSE,Boreal coniferous forest,41,NA,NA,NA,2.816833257675171,607,1.1931,Humid
ES-Mzn,European Fluxes Database,EBF,Southern Europe,Europe,2023,2024,1,1,100,FALSE,Subtropical dry forest,22,NA,NA,NA,11.321332931518556,424,0.3816,Semi-arid
EE-Rng,European Fluxes Database;GHG-Europe,WET,Northern Europe,Europe,2023,2024,1,1,100,FALSE,Temperate continental forest,32,Dfb,Df,D,5.238500118255615,647,1.084,Humid
DE-SbM,European Fluxes Database,WET,Western Europe,Europe,2023,2024,1,1,100,FALSE,Temperate mountain system,35,Cfb,Cf,C,5.118666648864746,1500,2.5785,Humid
DE-Akm,European Fluxes Database,WET,Western Europe,Europe,2009,2024,15,1,6.7,FALSE,Temperate oceanic forest,31,Cfb,Cf,C,8.43066692352295,563,0.8564,Humid
CH-Tnk,European Fluxes Database,CRO,Western Europe,Europe,2024,2024,0,1,NA,FALSE,Temperate oceanic forest,31,Cfb,Cf,C,8.494999885559082,1094,1.5312,Humid
AU-How,OzFlux,WSA,Australia and New Zealand,Oceania,2002,2025,23,20,87,TRUE,Tropical dry forest,13,NA,NA,NA,27.093000411987305,1647,0.8719,Humid
AU-DaS,OzFlux,WSA,Australia and New Zealand,Oceania,2007,2025,18,16,88.9,TRUE,Tropical dry forest,13,NA,NA,NA,27.1336669921875,1140,0.5692,Dry sub-humid
AU-Stp,OzFlux,GRA,Australia and New Zealand,Oceania,2008,2025,17,14,82.4,TRUE,Tropical desert,15,NA,NA,NA,26.384166717529297,641,0.2741,Semi-arid
AU-Cpr,TERN,WSA,Australia and New Zealand,Oceania,2010,2025,15,13,86.7,FALSE,Subtropical steppe,23,NA,NA,NA,17.387332916259766,268,0.1442,Arid
AU-Cow,OzFlux,EBF,Australia and New Zealand,Oceania,2009,2025,16,13,81.2,TRUE,Tropical rainforest,11,NA,NA,NA,24.188499450683594,3105,2.333,Humid
AU-Cum,TERN,EBF,Australia and New Zealand,Oceania,2014,2025,11,12,109.1,FALSE,Subtropical humid forest,21,NA,NA,NA,17.332666397094727,843,0.6305,Dry sub-humid
AU-Gin,OzFlux,EBF,Australia and New Zealand,Oceania,2011,2025,14,12,85.7,FALSE,Subtropical dry forest,22,NA,NA,NA,18.438499450683594,699,0.3746,Semi-arid
AU-Rob,OzFlux,EBF,Australia and New Zealand,Oceania,2013,2025,12,11,91.7,FALSE,Tropical rainforest,11,NA,NA,NA,20.53066635131836,2634,1.8353,Humid
AU-GWW,OzFlux,EBF,Australia and New Zealand,Oceania,2013,2025,12,11,91.7,FALSE,Subtropical desert,24,NA,NA,NA,18.808500289916992,264,0.125,Arid
AU-ASM,TERN,SAV,Australia and New Zealand,Oceania,2010,2025,15,11,73.3,FALSE,Tropical desert,15,NA,NA,NA,22.61933326721191,366,0.1457,Arid
AU-Ync,OzFlux,GRA,Australia and New Zealand,Oceania,2012,2025,13,10,76.9,FALSE,Subtropical steppe,23,NA,NA,NA,16.570833206176758,435,0.273,Semi-arid
AU-Dry,OzFlux,WSA,Australia and New Zealand,Oceania,2009,2025,16,9,56.2,TRUE,Tropical shrubland,14,NA,NA,NA,26.81366729736328,854,0.4025,Semi-arid
AU-Whr,OzFlux,EBF,Australia and New Zealand,Oceania,2011,2025,14,8,57.1,FALSE,Subtropical steppe,23,NA,NA,NA,14.91433334350586,581,0.4179,Semi-arid
AU-Ctr,OzFlux,EBF,Australia and New Zealand,Oceania,2010,2018,8,7,87.5,FALSE,Tropical rainforest,11,NA,NA,NA,22.73316764831543,3102,2.3844,Humid
NZ-Lau,OzFlux,GRA,Australia and New Zealand,Oceania,2019,2025,6,6,100,FALSE,Temperate oceanic forest,31,NA,NA,NA,9.46833324432373,591,0.687,Humid
AU-Boy,TERN,EBF,Australia and New Zealand,Oceania,2017,2025,8,6,75,FALSE,Subtropical steppe,23,NA,NA,NA,16.42133331298828,469,0.2709,Semi-arid
AU-Lit,TERN,WSA,Australia and New Zealand,Oceania,2015,2025,10,6,60,FALSE,Tropical dry forest,13,NA,NA,NA,26.29700088500977,1585,0.8601,Humid
NZ-ADw,OzFlux,GRA,Australia and New Zealand,Oceania,2015,2022,7,6,85.7,FALSE,Temperate oceanic forest,31,NA,NA,NA,11.748000144958496,660,0.6452,Dry sub-humid
AU-Sam,OzFlux,GRA,Australia and New Zealand,Oceania,2010,2017,7,6,85.7,FALSE,Subtropical humid forest,21,NA,NA,NA,19.305500030517575,1233,0.8177,Humid
AU-Rgf,OzFlux,CVM,Australia and New Zealand,Oceania,2015,2025,10,6,60,FALSE,Subtropical steppe,23,NA,NA,NA,16.651166915893555,456,0.2639,Semi-arid
AU-Rig,OzFlux,GRA,Australia and New Zealand,Oceania,2011,2017,6,5,83.3,FALSE,Subtropical steppe,23,NA,NA,NA,15.114333152770996,618,0.4302,Semi-arid
NZ-Oxf,OzFlux,GRA,Australia and New Zealand,Oceania,2006,2010,4,5,125,FALSE,Temperate oceanic forest,31,NA,NA,NA,10.900166511535645,903,0.9434,Humid
AU-Sil,OzFlux,GRA,Australia and New Zealand,Oceania,2019,2024,5,5,100,FALSE,Temperate mountain system,35,NA,NA,NA,7.790666580200195,827,1.0133,Humid
NZ-ScF,OzFlux,GRA,Australia and New Zealand,Oceania,2008,2011,3,4,133.3,FALSE,Subtropical humid forest,21,NA,NA,NA,14.23366641998291,1269,1.3041,Humid
NZ-Kop,OzFlux,WET,Australia and New Zealand,Oceania,2012,2015,3,4,133.3,FALSE,Subtropical humid forest,21,NA,NA,NA,14.024499893188477,1337,1.3337,Humid
NZ-ADd,OzFlux,GRA,Australia and New Zealand,Oceania,2016,2020,4,4,100,FALSE,Temperate oceanic forest,31,NA,NA,NA,11.748000144958496,660,0.6413,Dry sub-humid
AU-Wom,TERN,EBF,Australia and New Zealand,Oceania,2010,2025,15,4,26.7,FALSE,Subtropical steppe,23,NA,NA,NA,10.663833618164062,1070,1.0042,Humid
AU-APL,OzFlux,WET,Australia and New Zealand,Oceania,2017,2022,5,4,80,FALSE,Temperate mountain system,35,NA,NA,NA,6.072166919708252,1655,1.8931,Humid
AU-DaP,OzFlux,GRA,Australia and New Zealand,Oceania,2008,2013,5,4,80,FALSE,Tropical dry forest,13,NA,NA,NA,27.198333740234375,1174,0.5918,Dry sub-humid
AU-Fle,OzFlux,WSA,Australia and New Zealand,Oceania,2022,2025,3,3,100,FALSE,Tropical shrubland,14,NA,NA,NA,23.47833251953125,664,0.3659,Semi-arid
AU-Otw,OzFlux,GRA,Australia and New Zealand,Oceania,2007,2010,3,3,100,FALSE,Temperate oceanic forest,31,NA,NA,NA,13.79383373260498,876,0.7709,Humid
AU-Lon,OzFlux,GRA,Australia and New Zealand,Oceania,2018,2024,6,3,50,FALSE,Tropical desert,15,NA,NA,NA,23.60183334350586,419,0.1818,Arid
VU-Coc,NA,EBF,Melanesia,Oceania,2001,2004,3,2,66.7,FALSE,Tropical rainforest,11,NA,NA,NA,25.53616714477539,2897,2.0899,Humid
AU-Wrr,OzFlux,EBF,Australia and New Zealand,Oceania,2013,2021,8,2,25,FALSE,Temperate mountain system,35,NA,NA,NA,9.822500228881836,1555,1.6191,Humid
AU-Wel,OzFlux,GRA,Australia and New Zealand,Oceania,2024,2025,1,2,200,FALSE,Subtropical steppe,23,NA,NA,NA,16.652000427246094,652,0.4266,Semi-arid
AU-Ya1,OzFlux,GRA,Australia and New Zealand,Oceania,2023,2025,2,2,100,FALSE,Subtropical humid forest,21,NA,NA,NA,17.332666397094727,843,0.6282,Dry sub-humid
NZ-BFm,OzFlux,GRA,Australia and New Zealand,Oceania,2012,2015,3,2,66.7,FALSE,Temperate oceanic forest,31,NA,NA,NA,11.03616714477539,788,0.765,Humid
AU-Emr,OzFlux,GRA,Australia and New Zealand,Oceania,2011,2013,2,2,100,FALSE,Tropical shrubland,14,NA,NA,NA,22.7189998626709,628,0.3341,Semi-arid
AU-Ya2,OzFlux,GRA,Australia and New Zealand,Oceania,2023,2025,2,2,100,FALSE,Subtropical humid forest,21,NA,NA,NA,17.398000717163086,847,0.624,Dry sub-humid
NZ-Cla,OzFlux,GRA,Australia and New Zealand,Oceania,2022,2025,3,2,66.7,FALSE,Temperate oceanic forest,31,NA,NA,NA,10.782833099365234,790,0.8078,Humid
NZ-BFu,OzFlux,GRA,Australia and New Zealand,Oceania,2012,2014,2,1,50,FALSE,Temperate oceanic forest,31,NA,NA,NA,11.03616714477539,788,0.765,Humid
AU-RDF,OzFlux,WSA,Australia and New Zealand,Oceania,2011,2013,2,1,50,FALSE,Tropical dry forest,13,NA,NA,NA,26.997499465942383,955,0.4674,Semi-arid
AU-Fog,OzFlux,GRA,Australia and New Zealand,Oceania,2006,2008,2,1,50,FALSE,Tropical dry forest,13,NA,NA,NA,27.035999298095703,1466,0.7933,Humid
AU-Sno,OzFlux,EBF,Australia and New Zealand,Oceania,2024,2025,1,1,100,FALSE,Temperate mountain system,35,NA,NA,NA,6.3441667556762695,1664,1.7852,Humid
AU-Ade,OzFlux,WSA,Australia and New Zealand,Oceania,2007,2009,2,1,50,FALSE,Tropical dry forest,13,NA,NA,NA,27.22916603088379,1409,0.7246,Humid
AU-MvB,OzFlux,CRO,Australia and New Zealand,Oceania,2024,2024,0,1,NA,FALSE,Subtropical steppe,23,NA,NA,NA,18.441499710083008,620,0.3594,Semi-arid
AU-MvA,OzFlux,CRO,Australia and New Zealand,Oceania,2023,2024,1,1,100,FALSE,Subtropical steppe,23,NA,NA,NA,18.55683326721191,626,0.3707,Semi-arid
